Tempo,Voltagem
0,-64.9031
0.01,-64.8178
0.02,-64.7314
0.03,-64.6451
0.04,-64.559
0.05,-64.4728
0.06,-64.3868
0.07,-64.3008
0.08,-64.2149
0.09,-64.1291
0.1,-64.0433
0.11,-63.9576
0.12,-63.8719
0.13,-63.7863
0.14,-63.7008
0.15,-63.6153
0.16,-63.5299
0.17,-63.4446
0.18,-63.3593
0.19,-63.2741
0.2,-63.1889
0.21,-63.1038
0.22,-63.0187
0.23,-62.9337
0.24,-62.8487
0.25,-62.7638
0.26,-62.679
0.27,-62.5942
0.28,-62.5095
0.29,-62.4248
0.3,-62.3402
0.31,-62.2556
0.32,-62.1711
0.33,-62.0866
0.34,-62.0022
0.35,-61.9179
0.36,-61.8336
0.37,-61.7493
0.38,-61.6651
0.39,-61.581
0.4,-61.4969
0.41,-61.4129
0.42,-61.3289
0.43,-61.245
0.44,-61.1611
0.45,-61.0773
0.46,-60.9935
0.47,-60.9098
0.48,-60.8262
0.49,-60.7426
0.5,-60.659
0.51,-60.5756
0.52,-60.4921
0.53,-60.4088
0.54,-60.3255
0.55,-60.2422
0.56,-60.159
0.57,-60.0759
0.58,-59.9928
0.59,-59.9097
0.6,-59.8268
0.61,-59.7439
0.62,-59.661
0.63,-59.5782
0.64,-59.4955
0.65,-59.4128
0.66,-59.3302
0.67,-59.2477
0.68,-59.1652
0.69,-59.0828
0.7,-59.0004
0.71,-58.9181
0.72,-58.8359
0.73,-58.7537
0.74,-58.6716
0.75,-58.5896
0.76,-58.5076
0.77,-58.4257
0.78,-58.3439
0.79,-58.2621
0.8,-58.1804
0.81,-58.0988
0.82,-58.0172
0.83,-57.9357
0.84,-57.8543
0.85,-57.7729
0.86,-57.6917
0.87,-57.6105
0.88,-57.5293
0.89,-57.4482
0.9,-57.3673
0.91,-57.2863
0.92,-57.2055
0.93,-57.1247
0.94,-57.044
0.95,-56.9634
0.96,-56.8829
0.97,-56.8024
0.98,-56.722
0.99,-56.6417
1,-56.5615
1.01,-56.4813
1.02,-56.4012
1.03,-56.3212
1.04,-56.2413
1.05,-56.1615
1.06,-56.0817
1.07,-56.0021
1.08,-55.9225
1.09,-55.843
1.1,-55.7635
1.11,-55.6842
1.12,-55.605
1.13,-55.5258
1.14,-55.4467
1.15,-55.3677
1.16,-55.2888
1.17,-55.21
1.18,-55.1313
1.19,-55.0526
1.2,-54.9741
1.21,-54.8956
1.22,-54.8172
1.23,-54.739
1.24,-54.6608
1.25,-54.5827
1.26,-54.5047
1.27,-54.4268
1.28,-54.3489
1.29,-54.2712
1.3,-54.1936
1.31,-54.116
1.32,-54.0386
1.33,-53.9612
1.34,-53.884
1.35,-53.8068
1.36,-53.7298
1.37,-53.6528
1.38,-53.5759
1.39,-53.4992
1.4,-53.4225
1.41,-53.3459
1.42,-53.2695
1.43,-53.1931
1.44,-53.1168
1.45,-53.0407
1.46,-52.9646
1.47,-52.8886
1.48,-52.8128
1.49,-52.737
1.5,-52.6614
1.51,-52.5858
1.52,-52.5104
1.53,-52.435
1.54,-52.3598
1.55,-52.2847
1.56,-52.2096
1.57,-52.1347
1.58,-52.0599
1.59,-51.9852
1.6,-51.9106
1.61,-51.8361
1.62,-51.7617
1.63,-51.6874
1.64,-51.6133
1.65,-51.5392
1.66,-51.4652
1.67,-51.3914
1.68,-51.3177
1.69,-51.244
1.7,-51.1705
1.71,-51.0971
1.72,-51.0239
1.73,-50.9507
1.74,-50.8776
1.75,-50.8047
1.76,-50.7318
1.77,-50.6591
1.78,-50.5865
1.79,-50.514
1.8,-50.4416
1.81,-50.3693
1.82,-50.2972
1.83,-50.2251
1.84,-50.1532
1.85,-50.0814
1.86,-50.0097
1.87,-49.9381
1.88,-49.8667
1.89,-49.7953
1.9,-49.7241
1.91,-49.653
1.92,-49.582
1.93,-49.5111
1.94,-49.4404
1.95,-49.3697
1.96,-49.2992
1.97,-49.2288
1.98,-49.1585
1.99,-49.0884
2,-49.0183
2.01,-48.9484
2.02,-48.8786
2.03,-48.8089
2.04,-48.7393
2.05,-48.6699
2.06,-48.6006
2.07,-48.5314
2.08,-48.4623
2.09,-48.3933
2.1,-48.3245
2.11,-48.2558
2.12,-48.1872
2.13,-48.1187
2.14,-48.0504
2.15,-47.9821
2.16,-47.914
2.17,-47.846
2.18,-47.7782
2.19,-47.7104
2.2,-47.6428
2.21,-47.5753
2.22,-47.508
2.23,-47.4407
2.24,-47.3736
2.25,-47.3066
2.26,-47.2397
2.27,-47.173
2.28,-47.1064
2.29,-47.0399
2.3,-46.9735
2.31,-46.9072
2.32,-46.8411
2.33,-46.7751
2.34,-46.7092
2.35,-46.6435
2.36,-46.5779
2.37,-46.5124
2.38,-46.447
2.39,-46.3817
2.4,-46.3166
2.41,-46.2516
2.42,-46.1868
2.43,-46.122
2.44,-46.0574
2.45,-45.9929
2.46,-45.9285
2.47,-45.8643
2.48,-45.8002
2.49,-45.7362
2.5,-45.6723
2.51,-45.6086
2.52,-45.545
2.53,-45.4815
2.54,-45.4181
2.55,-45.3549
2.56,-45.2918
2.57,-45.2288
2.58,-45.166
2.59,-45.1033
2.6,-45.0407
2.61,-44.9782
2.62,-44.9159
2.63,-44.8537
2.64,-44.7916
2.65,-44.7296
2.66,-44.6678
2.67,-44.6061
2.68,-44.5445
2.69,-44.483
2.7,-44.4217
2.71,-44.3605
2.72,-44.2995
2.73,-44.2385
2.74,-44.1777
2.75,-44.117
2.76,-44.0564
2.77,-43.996
2.78,-43.9357
2.79,-43.8755
2.8,-43.8155
2.81,-43.7555
2.82,-43.6958
2.83,-43.6361
2.84,-43.5765
2.85,-43.5171
2.86,-43.4578
2.87,-43.3987
2.88,-43.3396
2.89,-43.2807
2.9,-43.2219
2.91,-43.1633
2.92,-43.1047
2.93,-43.0463
2.94,-42.9881
2.95,-42.9299
2.96,-42.8719
2.97,-42.814
2.98,-42.7562
2.99,-42.6986
3,-42.6411
3.01,-42.5837
3.02,-42.5264
3.03,-42.4693
3.04,-42.4123
3.05,-42.3554
3.06,-42.2986
3.07,-42.242
3.08,-42.1855
3.09,-42.1291
3.1,-42.0728
3.11,-42.0167
3.12,-41.9607
3.13,-41.9048
3.14,-41.849
3.15,-41.7934
3.16,-41.7379
3.17,-41.6825
3.18,-41.6273
3.19,-41.5721
3.2,-41.5171
3.21,-41.4622
3.22,-41.4075
3.23,-41.3529
3.24,-41.2983
3.25,-41.244
3.26,-41.1897
3.27,-41.1356
3.28,-41.0816
3.29,-41.0277
3.3,-40.9739
3.31,-40.9203
3.32,-40.8667
3.33,-40.8133
3.34,-40.7601
3.35,-40.7069
3.36,-40.6539
3.37,-40.601
3.38,-40.5482
3.39,-40.4956
3.4,-40.443
3.41,-40.3906
3.42,-40.3383
3.43,-40.2862
3.44,-40.2341
3.45,-40.1822
3.46,-40.1304
3.47,-40.0787
3.48,-40.0272
3.49,-39.9757
3.5,-39.9244
3.51,-39.8732
3.52,-39.8222
3.53,-39.7712
3.54,-39.7204
3.55,-39.6697
3.56,-39.6191
3.57,-39.5686
3.58,-39.5183
3.59,-39.468
3.6,-39.4179
3.61,-39.3679
3.62,-39.3181
3.63,-39.2683
3.64,-39.2187
3.65,-39.1692
3.66,-39.1198
3.67,-39.0705
3.68,-39.0213
3.69,-38.9723
3.7,-38.9234
3.71,-38.8746
3.72,-38.8259
3.73,-38.7773
3.74,-38.7289
3.75,-38.6806
3.76,-38.6323
3.77,-38.5842
3.78,-38.5363
3.79,-38.4884
3.8,-38.4407
3.81,-38.393
3.82,-38.3455
3.83,-38.2981
3.84,-38.2509
3.85,-38.2037
3.86,-38.1566
3.87,-38.1097
3.88,-38.0629
3.89,-38.0162
3.9,-37.9696
3.91,-37.9231
3.92,-37.8768
3.93,-37.8305
3.94,-37.7844
3.95,-37.7384
3.96,-37.6925
3.97,-37.6467
3.98,-37.601
3.99,-37.5555
4,-37.51
4.01,-37.4647
4.02,-37.4195
4.03,-37.3744
4.04,-37.3294
4.05,-37.2845
4.06,-37.2397
4.07,-37.1951
4.08,-37.1505
4.09,-37.1061
4.1,-37.0618
4.11,-37.0176
4.12,-36.9735
4.13,-36.9295
4.14,-36.8856
4.15,-36.8418
4.16,-36.7982
4.17,-36.7546
4.18,-36.7112
4.19,-36.6679
4.2,-36.6246
4.21,-36.5815
4.22,-36.5385
4.23,-36.4956
4.24,-36.4529
4.25,-36.4102
4.26,-36.3676
4.27,-36.3252
4.28,-36.2828
4.29,-36.2406
4.3,-36.1984
4.31,-36.1564
4.32,-36.1145
4.33,-36.0727
4.34,-36.031
4.35,-35.9894
4.36,-35.9479
4.37,-35.9065
4.38,-35.8652
4.39,-35.8241
4.4,-35.783
4.41,-35.742
4.42,-35.7012
4.43,-35.6604
4.44,-35.6198
4.45,-35.5792
4.46,-35.5388
4.47,-35.4985
4.48,-35.4583
4.49,-35.4181
4.5,-35.3781
4.51,-35.3382
4.52,-35.2984
4.53,-35.2587
4.54,-35.2191
4.55,-35.1796
4.56,-35.1402
4.57,-35.1009
4.58,-35.0617
4.59,-35.0226
4.6,-34.9836
4.61,-34.9447
4.62,-34.9059
4.63,-34.8672
4.64,-34.8286
4.65,-34.7901
4.66,-34.7517
4.67,-34.7135
4.68,-34.6753
4.69,-34.6372
4.7,-34.5992
4.71,-34.5613
4.72,-34.5235
4.73,-34.4858
4.74,-34.4482
4.75,-34.4108
4.76,-34.3734
4.77,-34.3361
4.78,-34.2989
4.79,-34.2618
4.8,-34.2248
4.81,-34.1879
4.82,-34.1511
4.83,-34.1144
4.84,-34.0777
4.85,-34.0412
4.86,-34.0048
4.87,-33.9685
4.88,-33.9323
4.89,-33.8961
4.9,-33.8601
4.91,-33.8242
4.92,-33.7883
4.93,-33.7526
4.94,-33.7169
4.95,-33.6814
4.96,-33.6459
4.97,-33.6105
4.98,-33.5753
4.99,-33.5401
5,-33.505
5.01,-33.47
5.02,-33.4351
5.03,-33.4003
5.04,-33.3656
5.05,-33.331
5.06,-33.2964
5.07,-33.262
5.08,-33.2276
5.09,-33.1934
5.1,-33.1592
5.11,-33.1252
5.12,-33.0912
5.13,-33.0573
5.14,-33.0235
5.15,-32.9898
5.16,-32.9562
5.17,-32.9226
5.18,-32.8892
5.19,-32.8559
5.2,-32.8226
5.21,-32.7894
5.22,-32.7564
5.23,-32.7234
5.24,-32.6905
5.25,-32.6577
5.26,-32.6249
5.27,-32.5923
5.28,-32.5598
5.29,-32.5273
5.3,-32.4949
5.31,-32.4626
5.32,-32.4305
5.33,-32.3983
5.34,-32.3663
5.35,-32.3344
5.36,-32.3025
5.37,-32.2708
5.38,-32.2391
5.39,-32.2075
5.4,-32.176
5.41,-32.1446
5.42,-32.1133
5.43,-32.082
5.44,-32.0508
5.45,-32.0198
5.46,-31.9888
5.47,-31.9579
5.48,-31.927
5.49,-31.8963
5.5,-31.8656
5.51,-31.8351
5.52,-31.8046
5.53,-31.7742
5.54,-31.7438
5.55,-31.7136
5.56,-31.6834
5.57,-31.6533
5.58,-31.6233
5.59,-31.5934
5.6,-31.5636
5.61,-31.5338
5.62,-31.5042
5.63,-31.4746
5.64,-31.4451
5.65,-31.4157
5.66,-31.3863
5.67,-31.357
5.68,-31.3279
5.69,-31.2988
5.7,-31.2697
5.71,-31.2408
5.72,-31.2119
5.73,-31.1831
5.74,-31.1544
5.75,-31.1258
5.76,-31.0972
5.77,-31.0688
5.78,-31.0404
5.79,-31.0121
5.8,-30.9838
5.81,-30.9557
5.82,-30.9276
5.83,-30.8996
5.84,-30.8717
5.85,-30.8438
5.86,-30.816
5.87,-30.7883
5.88,-30.7607
5.89,-30.7332
5.9,-30.7057
5.91,-30.6783
5.92,-30.651
5.93,-30.6238
5.94,-30.5966
5.95,-30.5695
5.96,-30.5425
5.97,-30.5155
5.98,-30.4887
5.99,-30.4619
6,-30.4352
6.01,-30.4085
6.02,-30.382
6.03,-30.3555
6.04,-30.329
6.05,-30.3027
6.06,-30.2764
6.07,-30.2502
6.08,-30.2241
6.09,-30.198
6.1,-30.172
6.11,-30.1461
6.12,-30.1203
6.13,-30.0945
6.14,-30.0688
6.15,-30.0432
6.16,-30.0176
6.17,-29.9921
6.18,-29.9667
6.19,-29.9414
6.2,-29.9161
6.21,-29.8909
6.22,-29.8658
6.23,-29.8407
6.24,-29.8157
6.25,-29.7908
6.26,-29.766
6.27,-29.7412
6.28,-29.7165
6.29,-29.6918
6.3,-29.6672
6.31,-29.6427
6.32,-29.6183
6.33,-29.5939
6.34,-29.5696
6.35,-29.5454
6.36,-29.5212
6.37,-29.4971
6.38,-29.4731
6.39,-29.4491
6.4,-29.4252
6.41,-29.4014
6.42,-29.3776
6.43,-29.354
6.44,-29.3303
6.45,-29.3068
6.46,-29.2833
6.47,-29.2598
6.48,-29.2365
6.49,-29.2132
6.5,-29.1899
6.51,-29.1668
6.52,-29.1437
6.53,-29.1206
6.54,-29.0976
6.55,-29.0747
6.56,-29.0519
6.57,-29.0291
6.58,-29.0064
6.59,-28.9837
6.6,-28.9611
6.61,-28.9386
6.62,-28.9162
6.63,-28.8938
6.64,-28.8714
6.65,-28.8492
6.66,-28.8269
6.67,-28.8048
6.68,-28.7827
6.69,-28.7607
6.7,-28.7387
6.71,-28.7168
6.72,-28.695
6.73,-28.6732
6.74,-28.6515
6.75,-28.6298
6.76,-28.6082
6.77,-28.5867
6.78,-28.5652
6.79,-28.5438
6.8,-28.5225
6.81,-28.5012
6.82,-28.48
6.83,-28.4588
6.84,-28.4377
6.85,-28.4166
6.86,-28.3957
6.87,-28.3747
6.88,-28.3539
6.89,-28.333
6.9,-28.3123
6.91,-28.2916
6.92,-28.271
6.93,-28.2504
6.94,-28.2299
6.95,-28.2094
6.96,-28.189
6.97,-28.1687
6.98,-28.1484
6.99,-28.1281
7,-28.108
7.01,-28.0879
7.02,-28.0678
7.03,-28.0478
7.04,-28.0279
7.05,-28.008
7.06,-27.9881
7.07,-27.9684
7.08,-27.9486
7.09,-27.929
7.1,-27.9094
7.11,-27.8898
7.12,-27.8703
7.13,-27.8509
7.14,-27.8315
7.15,-27.8122
7.16,-27.7929
7.17,-27.7737
7.18,-27.7545
7.19,-27.7354
7.2,-27.7164
7.21,-27.6974
7.22,-27.6784
7.23,-27.6595
7.24,-27.6407
7.25,-27.6219
7.26,-27.6032
7.27,-27.5845
7.28,-27.5659
7.29,-27.5473
7.3,-27.5288
7.31,-27.5103
7.32,-27.4919
7.33,-27.4735
7.34,-27.4552
7.35,-27.437
7.36,-27.4188
7.37,-27.4006
7.38,-27.3825
7.39,-27.3645
7.4,-27.3465
7.41,-27.3285
7.42,-27.3106
7.43,-27.2928
7.44,-27.275
7.45,-27.2572
7.46,-27.2395
7.47,-27.2219
7.48,-27.2043
7.49,-27.1868
7.5,-27.1693
7.51,-27.1518
7.52,-27.1345
7.53,-27.1171
7.54,-27.0998
7.55,-27.0826
7.56,-27.0654
7.57,-27.0483
7.58,-27.0312
7.59,-27.0141
7.6,-26.9971
7.61,-26.9802
7.62,-26.9633
7.63,-26.9464
7.64,-26.9296
7.65,-26.9129
7.66,-26.8962
7.67,-26.8795
7.68,-26.8629
7.69,-26.8463
7.7,-26.8298
7.71,-26.8134
7.72,-26.797
7.73,-26.7806
7.74,-26.7643
7.75,-26.748
7.76,-26.7317
7.77,-26.7156
7.78,-26.6994
7.79,-26.6833
7.8,-26.6673
7.81,-26.6513
7.82,-26.6353
7.83,-26.6194
7.84,-26.6036
7.85,-26.5877
7.86,-26.572
7.87,-26.5563
7.88,-26.5406
7.89,-26.5249
7.9,-26.5093
7.91,-26.4938
7.92,-26.4783
7.93,-26.4628
7.94,-26.4474
7.95,-26.4321
7.96,-26.4167
7.97,-26.4015
7.98,-26.3862
7.99,-26.371
8,-26.3559
8.01,-26.3408
8.02,-26.3257
8.03,-26.3107
8.04,-26.2957
8.05,-26.2808
8.06,-26.2659
8.07,-26.2511
8.08,-26.2363
8.09,-26.2215
8.1,-26.2068
8.11,-26.1921
8.12,-26.1775
8.13,-26.1629
8.14,-26.1484
8.15,-26.1339
8.16,-26.1194
8.17,-26.105
8.18,-26.0906
8.19,-26.0763
8.2,-26.062
8.21,-26.0477
8.22,-26.0335
8.23,-26.0193
8.24,-26.0052
8.25,-25.9911
8.26,-25.9771
8.27,-25.9631
8.28,-25.9491
8.29,-25.9352
8.3,-25.9213
8.31,-25.9074
8.32,-25.8936
8.33,-25.8798
8.34,-25.8661
8.35,-25.8524
8.36,-25.8388
8.37,-25.8252
8.38,-25.8116
8.39,-25.7981
8.4,-25.7846
8.41,-25.7711
8.42,-25.7577
8.43,-25.7443
8.44,-25.731
8.45,-25.7177
8.46,-25.7044
8.47,-25.6912
8.48,-25.678
8.49,-25.6649
8.5,-25.6518
8.51,-25.6387
8.52,-25.6257
8.53,-25.6127
8.54,-25.5997
8.55,-25.5868
8.56,-25.574
8.57,-25.5611
8.58,-25.5483
8.59,-25.5355
8.6,-25.5228
8.61,-25.5101
8.62,-25.4975
8.63,-25.4848
8.64,-25.4723
8.65,-25.4597
8.66,-25.4472
8.67,-25.4347
8.68,-25.4223
8.69,-25.4099
8.7,-25.3975
8.71,-25.3852
8.72,-25.3729
8.73,-25.3606
8.74,-25.3484
8.75,-25.3362
8.76,-25.3241
8.77,-25.312
8.78,-25.2999
8.79,-25.2878
8.8,-25.2758
8.81,-25.2638
8.82,-25.2519
8.83,-25.24
8.84,-25.2281
8.85,-25.2163
8.86,-25.2045
8.87,-25.1927
8.88,-25.181
8.89,-25.1693
8.9,-25.1576
8.91,-25.146
8.92,-25.1344
8.93,-25.1228
8.94,-25.1113
8.95,-25.0998
8.96,-25.0883
8.97,-25.0769
8.98,-25.0655
8.99,-25.0541
9,-25.0428
9.01,-25.0315
9.02,-25.0203
9.03,-25.009
9.04,-24.9978
9.05,-24.9867
9.06,-24.9755
9.07,-24.9644
9.08,-24.9534
9.09,-24.9423
9.1,-24.9313
9.11,-24.9203
9.12,-24.9094
9.13,-24.8985
9.14,-24.8876
9.15,-24.8768
9.16,-24.866
9.17,-24.8552
9.18,-24.8444
9.19,-24.8337
9.2,-24.823
9.21,-24.8124
9.22,-24.8017
9.23,-24.7911
9.24,-24.7806
9.25,-24.77
9.26,-24.7595
9.27,-24.7491
9.28,-24.7386
9.29,-24.7282
9.3,-24.7178
9.31,-24.7075
9.32,-24.6972
9.33,-24.6869
9.34,-24.6766
9.35,-24.6664
9.36,-24.6562
9.37,-24.646
9.38,-24.6359
9.39,-24.6258
9.4,-24.6157
9.41,-24.6057
9.42,-24.5956
9.43,-24.5856
9.44,-24.5757
9.45,-24.5657
9.46,-24.5558
9.47,-24.546
9.48,-24.5361
9.49,-24.5263
9.5,-24.5165
9.51,-24.5068
9.52,-24.497
9.53,-24.4873
9.54,-24.4776
9.55,-24.468
9.56,-24.4584
9.57,-24.4488
9.58,-24.4392
9.59,-24.4297
9.6,-24.4202
9.61,-24.4107
9.62,-24.4013
9.63,-24.3918
9.64,-24.3824
9.65,-24.3731
9.66,-24.3637
9.67,-24.3544
9.68,-24.3451
9.69,-24.3359
9.7,-24.3267
9.71,-24.3175
9.72,-24.3083
9.73,-24.2991
9.74,-24.29
9.75,-24.2809
9.76,-24.2718
9.77,-24.2628
9.78,-24.2538
9.79,-24.2448
9.8,-24.2358
9.81,-24.2269
9.82,-24.218
9.83,-24.2091
9.84,-24.2002
9.85,-24.1914
9.86,-24.1826
9.87,-24.1738
9.88,-24.1651
9.89,-24.1563
9.9,-24.1476
9.91,-24.1389
9.92,-24.1303
9.93,-24.1217
9.94,-24.1131
9.95,-24.1045
9.96,-24.0959
9.97,-24.0874
9.98,-24.0789
9.99,-24.0704
10,-24.062
10.01,-24.0536
10.02,-24.0452
10.03,-24.0368
10.04,-24.0284
10.05,-24.0201
10.06,-24.0118
10.07,-24.0035
10.08,-23.9953
10.09,-23.987
10.1,-23.9788
10.11,-23.9707
10.12,-23.9625
10.13,-23.9544
10.14,-23.9463
10.15,-23.9382
10.16,-23.9301
10.17,-23.9221
10.18,-23.9141
10.19,-23.9061
10.2,-23.8981
10.21,-23.8901
10.22,-23.8822
10.23,-23.8743
10.24,-23.8665
10.25,-23.8586
10.26,-23.8508
10.27,-23.843
10.28,-23.8352
10.29,-23.8274
10.3,-23.8197
10.31,-23.812
10.32,-23.8043
10.33,-23.7966
10.34,-23.789
10.35,-23.7814
10.36,-23.7738
10.37,-23.7662
10.38,-23.7586
10.39,-23.7511
10.4,-23.7436
10.41,-23.7361
10.42,-23.7286
10.43,-23.7212
10.44,-23.7138
10.45,-23.7064
10.46,-23.699
10.47,-23.6916
10.48,-23.6843
10.49,-23.677
10.5,-23.6697
10.51,-23.6624
10.52,-23.6552
10.53,-23.6479
10.54,-23.6407
10.55,-23.6336
10.56,-23.6264
10.57,-23.6193
10.58,-23.6121
10.59,-23.605
10.6,-23.598
10.61,-23.5909
10.62,-23.5839
10.63,-23.5768
10.64,-23.5698
10.65,-23.5629
10.66,-23.5559
10.67,-23.549
10.68,-23.5421
10.69,-23.5352
10.7,-23.5283
10.71,-23.5215
10.72,-23.5146
10.73,-23.5078
10.74,-23.501
10.75,-23.4942
10.76,-23.4875
10.77,-23.4808
10.78,-23.4741
10.79,-23.4674
10.8,-23.4607
10.81,-23.454
10.82,-23.4474
10.83,-23.4408
10.84,-23.4342
10.85,-23.4276
10.86,-23.4211
10.87,-23.4145
10.88,-23.408
10.89,-23.4015
10.9,-23.3951
10.91,-23.3886
10.92,-23.3822
10.93,-23.3757
10.94,-23.3693
10.95,-23.363
10.96,-23.3566
10.97,-23.3503
10.98,-23.3439
10.99,-23.3376
11,-23.3313
11.01,-23.3251
11.02,-23.3188
11.03,-23.3126
11.04,-23.3064
11.05,-23.3002
11.06,-23.294
11.07,-23.2878
11.08,-23.2817
11.09,-23.2756
11.1,-23.2695
11.11,-23.2634
11.12,-23.2573
11.13,-23.2513
11.14,-23.2453
11.15,-23.2392
11.16,-23.2332
11.17,-23.2273
11.18,-23.2213
11.19,-23.2154
11.2,-23.2094
11.21,-23.2035
11.22,-23.1976
11.23,-23.1918
11.24,-23.1859
11.25,-23.1801
11.26,-23.1743
11.27,-23.1685
11.28,-23.1627
11.29,-23.1569
11.3,-23.1512
11.31,-23.1454
11.32,-23.1397
11.33,-23.134
11.34,-23.1283
11.35,-23.1227
11.36,-23.117
11.37,-23.1114
11.38,-23.1058
11.39,-23.1002
11.4,-23.0946
11.41,-23.089
11.42,-23.0835
11.43,-23.0779
11.44,-23.0724
11.45,-23.0669
11.46,-23.0614
11.47,-23.056
11.48,-23.0505
11.49,-23.0451
11.5,-23.0397
11.51,-23.0343
11.52,-23.0289
11.53,-23.0235
11.54,-23.0182
11.55,-23.0128
11.56,-23.0075
11.57,-23.0022
11.58,-22.9969
11.59,-22.9916
11.6,-22.9864
11.61,-22.9811
11.62,-22.9759
11.63,-22.9707
11.64,-22.9655
11.65,-22.9603
11.66,-22.9552
11.67,-22.95
11.68,-22.9449
11.69,-22.9398
11.7,-22.9347
11.71,-22.9296
11.72,-22.9245
11.73,-22.9194
11.74,-22.9144
11.75,-22.9094
11.76,-22.9044
11.77,-22.8994
11.78,-22.8944
11.79,-22.8894
11.8,-22.8845
11.81,-22.8795
11.82,-22.8746
11.83,-22.8697
11.84,-22.8648
11.85,-22.8599
11.86,-22.855
11.87,-22.8502
11.88,-22.8454
11.89,-22.8405
11.9,-22.8357
11.91,-22.8309
11.92,-22.8262
11.93,-22.8214
11.94,-22.8167
11.95,-22.8119
11.96,-22.8072
11.97,-22.8025
11.98,-22.7978
11.99,-22.7931
12,-22.7885
12.01,-22.7838
12.02,-22.7792
12.03,-22.7745
12.04,-22.7699
12.05,-22.7653
12.06,-22.7608
12.07,-22.7562
12.08,-22.7516
12.09,-22.7471
12.1,-22.7426
12.11,-22.738
12.12,-22.7335
12.13,-22.7291
12.14,-22.7246
12.15,-22.7201
12.16,-22.7157
12.17,-22.7113
12.18,-22.7068
12.19,-22.7024
12.2,-22.698
12.21,-22.6937
12.22,-22.6893
12.23,-22.6849
12.24,-22.6806
12.25,-22.6763
12.26,-22.6719
12.27,-22.6676
12.28,-22.6634
12.29,-22.6591
12.3,-22.6548
12.31,-22.6506
12.32,-22.6463
12.33,-22.6421
12.34,-22.6379
12.35,-22.6337
12.36,-22.6295
12.37,-22.6253
12.38,-22.6212
12.39,-22.617
12.4,-22.6129
12.41,-22.6088
12.42,-22.6046
12.43,-22.6005
12.44,-22.5965
12.45,-22.5924
12.46,-22.5883
12.47,-22.5843
12.48,-22.5802
12.49,-22.5762
12.5,-22.5722
12.51,-22.5682
12.52,-22.5642
12.53,-22.5602
12.54,-22.5563
12.55,-22.5523
12.56,-22.5484
12.57,-22.5444
12.58,-22.5405
12.59,-22.5366
12.6,-22.5327
12.61,-22.5288
12.62,-22.525
12.63,-22.5211
12.64,-22.5173
12.65,-22.5134
12.66,-22.5096
12.67,-22.5058
12.68,-22.502
12.69,-22.4982
12.7,-22.4944
12.71,-22.4906
12.72,-22.4869
12.73,-22.4831
12.74,-22.4794
12.75,-22.4757
12.76,-22.472
12.77,-22.4683
12.78,-22.4646
12.79,-22.4609
12.8,-22.4572
12.81,-22.4536
12.82,-22.4499
12.83,-22.4463
12.84,-22.4427
12.85,-22.4391
12.86,-22.4355
12.87,-22.4319
12.88,-22.4283
12.89,-22.4247
12.9,-22.4212
12.91,-22.4176
12.92,-22.4141
12.93,-22.4106
12.94,-22.4071
12.95,-22.4035
12.96,-22.4001
12.97,-22.3966
12.98,-22.3931
12.99,-22.3896
13,-22.3862
13.01,-22.3827
13.02,-22.3793
13.03,-22.3759
13.04,-22.3725
13.05,-22.3691
13.06,-22.3657
13.07,-22.3623
13.08,-22.3589
13.09,-22.3556
13.1,-22.3522
13.11,-22.3489
13.12,-22.3456
13.13,-22.3423
13.14,-22.339
13.15,-22.3357
13.16,-22.3324
13.17,-22.3291
13.18,-22.3258
13.19,-22.3226
13.2,-22.3193
13.21,-22.3161
13.22,-22.3128
13.23,-22.3096
13.24,-22.3064
13.25,-22.3032
13.26,-22.3
13.27,-22.2969
13.28,-22.2937
13.29,-22.2905
13.3,-22.2874
13.31,-22.2842
13.32,-22.2811
13.33,-22.278
13.34,-22.2749
13.35,-22.2718
13.36,-22.2687
13.37,-22.2656
13.38,-22.2625
13.39,-22.2594
13.4,-22.2564
13.41,-22.2533
13.42,-22.2503
13.43,-22.2473
13.44,-22.2442
13.45,-22.2412
13.46,-22.2382
13.47,-22.2352
13.48,-22.2323
13.49,-22.2293
13.5,-22.2263
13.51,-22.2234
13.52,-22.2204
13.53,-22.2175
13.54,-22.2146
13.55,-22.2116
13.56,-22.2087
13.57,-22.2058
13.58,-22.2029
13.59,-22.2
13.6,-22.1972
13.61,-22.1943
13.62,-22.1914
13.63,-22.1886
13.64,-22.1858
13.65,-22.1829
13.66,-22.1801
13.67,-22.1773
13.68,-22.1745
13.69,-22.1717
13.7,-22.1689
13.71,-22.1661
13.72,-22.1633
13.73,-22.1606
13.74,-22.1578
13.75,-22.1551
13.76,-22.1523
13.77,-22.1496
13.78,-22.1469
13.79,-22.1442
13.8,-22.1415
13.81,-22.1388
13.82,-22.1361
13.83,-22.1334
13.84,-22.1307
13.85,-22.1281
13.86,-22.1254
13.87,-22.1228
13.88,-22.1201
13.89,-22.1175
13.9,-22.1149
13.91,-22.1122
13.92,-22.1096
13.93,-22.107
13.94,-22.1044
13.95,-22.1019
13.96,-22.0993
13.97,-22.0967
13.98,-22.0942
13.99,-22.0916
14,-22.0891
14.01,-22.0865
14.02,-22.084
14.03,-22.0815
14.04,-22.079
14.05,-22.0765
14.06,-22.074
14.07,-22.0715
14.08,-22.069
14.09,-22.0665
14.1,-22.064
14.11,-22.0616
14.12,-22.0591
14.13,-22.0567
14.14,-22.0542
14.15,-22.0518
14.16,-22.0494
14.17,-22.047
14.18,-22.0446
14.19,-22.0422
14.2,-22.0398
14.21,-22.0374
14.22,-22.035
14.23,-22.0326
14.24,-22.0303
14.25,-22.0279
14.26,-22.0256
14.27,-22.0232
14.28,-22.0209
14.29,-22.0186
14.3,-22.0162
14.31,-22.0139
14.32,-22.0116
14.33,-22.0093
14.34,-22.007
14.35,-22.0048
14.36,-22.0025
14.37,-22.0002
14.38,-21.9979
14.39,-21.9957
14.4,-21.9934
14.41,-21.9912
14.42,-21.989
14.43,-21.9867
14.44,-21.9845
14.45,-21.9823
14.46,-21.9801
14.47,-21.9779
14.48,-21.9757
14.49,-21.9735
14.5,-21.9713
14.51,-21.9691
14.52,-21.967
14.53,-21.9648
14.54,-21.9627
14.55,-21.9605
14.56,-21.9584
14.57,-21.9562
14.58,-21.9541
14.59,-21.952
14.6,-21.9499
14.61,-21.9478
14.62,-21.9457
14.63,-21.9436
14.64,-21.9415
14.65,-21.9394
14.66,-21.9373
14.67,-21.9352
14.68,-21.9332
14.69,-21.9311
14.7,-21.9291
14.71,-21.927
14.72,-21.925
14.73,-21.923
14.74,-21.9209
14.75,-21.9189
14.76,-21.9169
14.77,-21.9149
14.78,-21.9129
14.79,-21.9109
14.8,-21.9089
14.81,-21.9069
14.82,-21.9049
14.83,-21.903
14.84,-21.901
14.85,-21.8991
14.86,-21.8971
14.87,-21.8952
14.88,-21.8932
14.89,-21.8913
14.9,-21.8894
14.91,-21.8874
14.92,-21.8855
14.93,-21.8836
14.94,-21.8817
14.95,-21.8798
14.96,-21.8779
14.97,-21.876
14.98,-21.8742
14.99,-21.8723
15,-21.8704
15.01,-21.8686
15.02,-21.8667
15.03,-21.8648
15.04,-21.863
15.05,-21.8612
15.06,-21.8593
15.07,-21.8575
15.08,-21.8557
15.09,-21.8539
15.1,-21.8521
15.11,-21.8502
15.12,-21.8484
15.13,-21.8467
15.14,-21.8449
15.15,-21.8431
15.16,-21.8413
15.17,-21.8395
15.18,-21.8378
15.19,-21.836
15.2,-21.8342
15.21,-21.8325
15.22,-21.8308
15.23,-21.829
15.24,-21.8273
15.25,-21.8256
15.26,-21.8238
15.27,-21.8221
15.28,-21.8204
15.29,-21.8187
15.3,-21.817
15.31,-21.8153
15.32,-21.8136
15.33,-21.8119
15.34,-21.8102
15.35,-21.8086
15.36,-21.8069
15.37,-21.8052
15.38,-21.8036
15.39,-21.8019
15.4,-21.8003
15.41,-21.7986
15.42,-21.797
15.43,-21.7954
15.44,-21.7937
15.45,-21.7921
15.46,-21.7905
15.47,-21.7889
15.48,-21.7873
15.49,-21.7857
15.5,-21.7841
15.51,-21.7825
15.52,-21.7809
15.53,-21.7793
15.54,-21.7777
15.55,-21.7762
15.56,-21.7746
15.57,-21.773
15.58,-21.7715
15.59,-21.7699
15.6,-21.7684
15.61,-21.7668
15.62,-21.7653
15.63,-21.7637
15.64,-21.7622
15.65,-21.7607
15.66,-21.7592
15.67,-21.7577
15.68,-21.7561
15.69,-21.7546
15.7,-21.7531
15.71,-21.7516
15.72,-21.7502
15.73,-21.7487
15.74,-21.7472
15.75,-21.7457
15.76,-21.7442
15.77,-21.7428
15.78,-21.7413
15.79,-21.7398
15.8,-21.7384
15.81,-21.7369
15.82,-21.7355
15.83,-21.7341
15.84,-21.7326
15.85,-21.7312
15.86,-21.7298
15.87,-21.7283
15.88,-21.7269
15.89,-21.7255
15.9,-21.7241
15.91,-21.7227
15.92,-21.7213
15.93,-21.7199
15.94,-21.7185
15.95,-21.7171
15.96,-21.7157
15.97,-21.7144
15.98,-21.713
15.99,-21.7116
16,-21.7103
16.01,-21.7089
16.02,-21.7075
16.03,-21.7062
16.04,-21.7048
16.05,-21.7035
16.06,-21.7022
16.07,-21.7008
16.08,-21.6995
16.09,-21.6982
16.1,-21.6969
16.11,-21.6955
16.12,-21.6942
16.13,-21.6929
16.14,-21.6916
16.15,-21.6903
16.16,-21.689
16.17,-21.6877
16.18,-21.6864
16.19,-21.6851
16.2,-21.6839
16.21,-21.6826
16.22,-21.6813
16.23,-21.68
16.24,-21.6788
16.25,-21.6775
16.26,-21.6763
16.27,-21.675
16.28,-21.6738
16.29,-21.6725
16.3,-21.6713
16.31,-21.67
16.32,-21.6688
16.33,-21.6676
16.34,-21.6664
16.35,-21.6651
16.36,-21.6639
16.37,-21.6627
16.38,-21.6615
16.39,-21.6603
16.4,-21.6591
16.41,-21.6579
16.42,-21.6567
16.43,-21.6555
16.44,-21.6543
16.45,-21.6531
16.46,-21.652
16.47,-21.6508
16.48,-21.6496
16.49,-21.6484
16.5,-21.6473
16.51,-21.6461
16.52,-21.645
16.53,-21.6438
16.54,-21.6427
16.55,-21.6415
16.56,-21.6404
16.57,-21.6392
16.58,-21.6381
16.59,-21.637
16.6,-21.6358
16.61,-21.6347
16.62,-21.6336
16.63,-21.6325
16.64,-21.6314
16.65,-21.6303
16.66,-21.6292
16.67,-21.6281
16.68,-21.627
16.69,-21.6259
16.7,-21.6248
16.71,-21.6237
16.72,-21.6226
16.73,-21.6215
16.74,-21.6204
16.75,-21.6194
16.76,-21.6183
16.77,-21.6172
16.78,-21.6162
16.79,-21.6151
16.8,-21.614
16.81,-21.613
16.82,-21.6119
16.83,-21.6109
16.84,-21.6099
16.85,-21.6088
16.86,-21.6078
16.87,-21.6067
16.88,-21.6057
16.89,-21.6047
16.9,-21.6037
16.91,-21.6026
16.92,-21.6016
16.93,-21.6006
16.94,-21.5996
16.95,-21.5986
16.96,-21.5976
16.97,-21.5966
16.98,-21.5956
16.99,-21.5946
17,-21.5936
17.01,-21.5926
17.02,-21.5916
17.03,-21.5907
17.04,-21.5897
17.05,-21.5887
17.06,-21.5877
17.07,-21.5868
17.08,-21.5858
17.09,-21.5848
17.1,-21.5839
17.11,-21.5829
17.12,-21.582
17.13,-21.581
17.14,-21.5801
17.15,-21.5791
17.16,-21.5782
17.17,-21.5773
17.18,-21.5763
17.19,-21.5754
17.2,-21.5745
17.21,-21.5735
17.22,-21.5726
17.23,-21.5717
17.24,-21.5708
17.25,-21.5699
17.26,-21.569
17.27,-21.568
17.28,-21.5671
17.29,-21.5662
17.3,-21.5653
17.31,-21.5644
17.32,-21.5636
17.33,-21.5627
17.34,-21.5618
17.35,-21.5609
17.36,-21.56
17.37,-21.5591
17.38,-21.5583
17.39,-21.5574
17.4,-21.5565
17.41,-21.5556
17.42,-21.5548
17.43,-21.5539
17.44,-21.5531
17.45,-21.5522
17.46,-21.5514
17.47,-21.5505
17.48,-21.5497
17.49,-21.5488
17.5,-21.548
17.51,-21.5471
17.52,-21.5463
17.53,-21.5455
17.54,-21.5446
17.55,-21.5438
17.56,-21.543
17.57,-21.5422
17.58,-21.5413
17.59,-21.5405
17.6,-21.5397
17.61,-21.5389
17.62,-21.5381
17.63,-21.5373
17.64,-21.5365
17.65,-21.5357
17.66,-21.5349
17.67,-21.5341
17.68,-21.5333
17.69,-21.5325
17.7,-21.5317
17.71,-21.5309
17.72,-21.5301
17.73,-21.5294
17.74,-21.5286
17.75,-21.5278
17.76,-21.527
17.77,-21.5263
17.78,-21.5255
17.79,-21.5247
17.8,-21.524
17.81,-21.5232
17.82,-21.5224
17.83,-21.5217
17.84,-21.5209
17.85,-21.5202
17.86,-21.5194
17.87,-21.5187
17.88,-21.518
17.89,-21.5172
17.9,-21.5165
17.91,-21.5157
17.92,-21.515
17.93,-21.5143
17.94,-21.5135
17.95,-21.5128
17.96,-21.5121
17.97,-21.5114
17.98,-21.5107
17.99,-21.5099
18,-21.5092
18.01,-21.5085
18.02,-21.5078
18.03,-21.5071
18.04,-21.5064
18.05,-21.5057
18.06,-21.505
18.07,-21.5043
18.08,-21.5036
18.09,-21.5029
18.1,-21.5022
18.11,-21.5015
18.12,-21.5008
18.13,-21.5002
18.14,-21.4995
18.15,-21.4988
18.16,-21.4981
18.17,-21.4975
18.18,-21.4968
18.19,-21.4961
18.2,-21.4954
18.21,-21.4948
18.22,-21.4941
18.23,-21.4935
18.24,-21.4928
18.25,-21.4921
18.26,-21.4915
18.27,-21.4908
18.28,-21.4902
18.29,-21.4895
18.3,-21.4889
18.31,-21.4882
18.32,-21.4876
18.33,-21.487
18.34,-21.4863
18.35,-21.4857
18.36,-21.4851
18.37,-21.4844
18.38,-21.4838
18.39,-21.4832
18.4,-21.4826
18.41,-21.4819
18.42,-21.4813
18.43,-21.4807
18.44,-21.4801
18.45,-21.4795
18.46,-21.4788
18.47,-21.4782
18.48,-21.4776
18.49,-21.477
18.5,-21.4764
18.51,-21.4758
18.52,-21.4752
18.53,-21.4746
18.54,-21.474
18.55,-21.4734
18.56,-21.4728
18.57,-21.4723
18.58,-21.4717
18.59,-21.4711
18.6,-21.4705
18.61,-21.4699
18.62,-21.4693
18.63,-21.4688
18.64,-21.4682
18.65,-21.4676
18.66,-21.467
18.67,-21.4665
18.68,-21.4659
18.69,-21.4653
18.7,-21.4648
18.71,-21.4642
18.72,-21.4636
18.73,-21.4631
18.74,-21.4625
18.75,-21.462
18.76,-21.4614
18.77,-21.4609
18.78,-21.4603
18.79,-21.4598
18.8,-21.4592
18.81,-21.4587
18.82,-21.4581
18.83,-21.4576
18.84,-21.4571
18.85,-21.4565
18.86,-21.456
18.87,-21.4555
18.88,-21.4549
18.89,-21.4544
18.9,-21.4539
18.91,-21.4534
18.92,-21.4528
18.93,-21.4523
18.94,-21.4518
18.95,-21.4513
18.96,-21.4508
18.97,-21.4502
18.98,-21.4497
18.99,-21.4492
19,-21.4487
19.01,-21.4482
19.02,-21.4477
19.03,-21.4472
19.04,-21.4467
19.05,-21.4462
19.06,-21.4457
19.07,-21.4452
19.08,-21.4447
19.09,-21.4442
19.1,-21.4437
19.11,-21.4432
19.12,-21.4427
19.13,-21.4422
19.14,-21.4418
19.15,-21.4413
19.16,-21.4408
19.17,-21.4403
19.18,-21.4398
19.19,-21.4394
19.2,-21.4389
19.21,-21.4384
19.22,-21.4379
19.23,-21.4375
19.24,-21.437
19.25,-21.4365
19.26,-21.4361
19.27,-21.4356
19.28,-21.4351
19.29,-21.4347
19.3,-21.4342
19.31,-21.4338
19.32,-21.4333
19.33,-21.4328
19.34,-21.4324
19.35,-21.4319
19.36,-21.4315
19.37,-21.431
19.38,-21.4306
19.39,-21.4302
19.4,-21.4297
19.41,-21.4293
19.42,-21.4288
19.43,-21.4284
19.44,-21.428
19.45,-21.4275
19.46,-21.4271
19.47,-21.4266
19.48,-21.4262
19.49,-21.4258
19.5,-21.4254
19.51,-21.4249
19.52,-21.4245
19.53,-21.4241
19.54,-21.4237
19.55,-21.4232
19.56,-21.4228
19.57,-21.4224
19.58,-21.422
19.59,-21.4216
19.6,-21.4212
19.61,-21.4207
19.62,-21.4203
19.63,-21.4199
19.64,-21.4195
19.65,-21.4191
19.66,-21.4187
19.67,-21.4183
19.68,-21.4179
19.69,-21.4175
19.7,-21.4171
19.71,-21.4167
19.72,-21.4163
19.73,-21.4159
19.74,-21.4155
19.75,-21.4151
19.76,-21.4147
19.77,-21.4143
19.78,-21.414
19.79,-21.4136
19.8,-21.4132
19.81,-21.4128
19.82,-21.4124
19.83,-21.412
19.84,-21.4117
19.85,-21.4113
19.86,-21.4109
19.87,-21.4105
19.88,-21.4101
19.89,-21.4098
19.9,-21.4094
19.91,-21.409
19.92,-21.4087
19.93,-21.4083
19.94,-21.4079
19.95,-21.4076
19.96,-21.4072
19.97,-21.4068
19.98,-21.4065
19.99,-21.4061
20,-21.4058
20.01,-21.4054
20.02,-21.405
20.03,-21.4047
20.04,-21.4043
20.05,-21.404
20.06,-21.4036
20.07,-21.4033
20.08,-21.4029
20.09,-21.4026
20.1,-21.4022
20.11,-21.4019
20.12,-21.4015
20.13,-21.4012
20.14,-21.4009
20.15,-21.4005
20.16,-21.4002
20.17,-21.3998
20.18,-21.3995
20.19,-21.3992
20.2,-21.3988
20.21,-21.3985
20.22,-21.3982
20.23,-21.3978
20.24,-21.3975
20.25,-21.3972
20.26,-21.3969
20.27,-21.3965
20.28,-21.3962
20.29,-21.3959
20.3,-21.3956
20.31,-21.3952
20.32,-21.3949
20.33,-21.3946
20.34,-21.3943
20.35,-21.394
20.36,-21.3936
20.37,-21.3933
20.38,-21.393
20.39,-21.3927
20.4,-21.3924
20.41,-21.3921
20.42,-21.3918
20.43,-21.3915
20.44,-21.3912
20.45,-21.3909
20.46,-21.3906
20.47,-21.3903
20.48,-21.3899
20.49,-21.3896
20.5,-21.3893
20.51,-21.389
20.52,-21.3888
20.53,-21.3885
20.54,-21.3882
20.55,-21.3879
20.56,-21.3876
20.57,-21.3873
20.58,-21.387
20.59,-21.3867
20.6,-21.3864
20.61,-21.3861
20.62,-21.3858
20.63,-21.3855
20.64,-21.3853
20.65,-21.385
20.66,-21.3847
20.67,-21.3844
20.68,-21.3841
20.69,-21.3839
20.7,-21.3836
20.71,-21.3833
20.72,-21.383
20.73,-21.3827
20.74,-21.3825
20.75,-21.3822
20.76,-21.3819
20.77,-21.3817
20.78,-21.3814
20.79,-21.3811
20.8,-21.3808
20.81,-21.3806
20.82,-21.3803
20.83,-21.38
20.84,-21.3798
20.85,-21.3795
20.86,-21.3793
20.87,-21.379
20.88,-21.3787
20.89,-21.3785
20.9,-21.3782
20.91,-21.378
20.92,-21.3777
20.93,-21.3774
20.94,-21.3772
20.95,-21.3769
20.96,-21.3767
20.97,-21.3764
20.98,-21.3762
20.99,-21.3759
21,-21.3757
21.01,-21.3754
21.02,-21.3752
21.03,-21.3749
21.04,-21.3747
21.05,-21.3744
21.06,-21.3742
21.07,-21.374
21.08,-21.3737
21.09,-21.3735
21.1,-21.3732
21.11,-21.373
21.12,-21.3728
21.13,-21.3725
21.14,-21.3723
21.15,-21.372
21.16,-21.3718
21.17,-21.3716
21.18,-21.3713
21.19,-21.3711
21.2,-21.3709
21.21,-21.3706
21.22,-21.3704
21.23,-21.3702
21.24,-21.37
21.25,-21.3697
21.26,-21.3695
21.27,-21.3693
21.28,-21.3691
21.29,-21.3688
21.3,-21.3686
21.31,-21.3684
21.32,-21.3682
21.33,-21.3679
21.34,-21.3677
21.35,-21.3675
21.36,-21.3673
21.37,-21.3671
21.38,-21.3669
21.39,-21.3666
21.4,-21.3664
21.41,-21.3662
21.42,-21.366
21.43,-21.3658
21.44,-21.3656
21.45,-21.3654
21.46,-21.3652
21.47,-21.365
21.48,-21.3647
21.49,-21.3645
21.5,-21.3643
21.51,-21.3641
21.52,-21.3639
21.53,-21.3637
21.54,-21.3635
21.55,-21.3633
21.56,-21.3631
21.57,-21.3629
21.58,-21.3627
21.59,-21.3625
21.6,-21.3623
21.61,-21.3621
21.62,-21.3619
21.63,-21.3617
21.64,-21.3615
21.65,-21.3613
21.66,-21.3611
21.67,-21.3609
21.68,-21.3607
21.69,-21.3606
21.7,-21.3604
21.71,-21.3602
21.72,-21.36
21.73,-21.3598
21.74,-21.3596
21.75,-21.3594
21.76,-21.3592
21.77,-21.3591
21.78,-21.3589
21.79,-21.3587
21.8,-21.3585
21.81,-21.3583
21.82,-21.3581
21.83,-21.358
21.84,-21.3578
21.85,-21.3576
21.86,-21.3574
21.87,-21.3572
21.88,-21.3571
21.89,-21.3569
21.9,-21.3567
21.91,-21.3565
21.92,-21.3563
21.93,-21.3562
21.94,-21.356
21.95,-21.3558
21.96,-21.3557
21.97,-21.3555
21.98,-21.3553
21.99,-21.3551
22,-21.355
22.01,-21.3548
22.02,-21.3546
22.03,-21.3545
22.04,-21.3543
22.05,-21.3541
22.06,-21.354
22.07,-21.3538
22.08,-21.3536
22.09,-21.3535
22.1,-21.3533
22.11,-21.3531
22.12,-21.353
22.13,-21.3528
22.14,-21.3527
22.15,-21.3525
22.16,-21.3523
22.17,-21.3522
22.18,-21.352
22.19,-21.3519
22.2,-21.3517
22.21,-21.3516
22.22,-21.3514
22.23,-21.3512
22.24,-21.3511
22.25,-21.3509
22.26,-21.3508
22.27,-21.3506
22.28,-21.3505
22.29,-21.3503
22.3,-21.3502
22.31,-21.35
22.32,-21.3499
22.33,-21.3497
22.34,-21.3496
22.35,-21.3494
22.36,-21.3493
22.37,-21.3491
22.38,-21.349
22.39,-21.3489
22.4,-21.3487
22.41,-21.3486
22.42,-21.3484
22.43,-21.3483
22.44,-21.3481
22.45,-21.348
22.46,-21.3479
22.47,-21.3477
22.48,-21.3476
22.49,-21.3474
22.5,-21.3473
22.51,-21.3472
22.52,-21.347
22.53,-21.3469
22.54,-21.3467
22.55,-21.3466
22.56,-21.3465
22.57,-21.3463
22.58,-21.3462
22.59,-21.3461
22.6,-21.3459
22.61,-21.3458
22.62,-21.3457
22.63,-21.3455
22.64,-21.3454
22.65,-21.3453
22.66,-21.3451
22.67,-21.345
22.68,-21.3449
22.69,-21.3448
22.7,-21.3446
22.71,-21.3445
22.72,-21.3444
22.73,-21.3443
22.74,-21.3441
22.75,-21.344
22.76,-21.3439
22.77,-21.3438
22.78,-21.3436
22.79,-21.3435
22.8,-21.3434
22.81,-21.3433
22.82,-21.3431
22.83,-21.343
22.84,-21.3429
22.85,-21.3428
22.86,-21.3427
22.87,-21.3425
22.88,-21.3424
22.89,-21.3423
22.9,-21.3422
22.91,-21.3421
22.92,-21.342
22.93,-21.3418
22.94,-21.3417
22.95,-21.3416
22.96,-21.3415
22.97,-21.3414
22.98,-21.3413
22.99,-21.3412
23,-21.341
23.01,-21.3409
23.02,-21.3408
23.03,-21.3407
23.04,-21.3406
23.05,-21.3405
23.06,-21.3404
23.07,-21.3403
23.08,-21.3402
23.09,-21.34
23.1,-21.3399
23.11,-21.3398
23.12,-21.3397
23.13,-21.3396
23.14,-21.3395
23.15,-21.3394
23.16,-21.3393
23.17,-21.3392
23.18,-21.3391
23.19,-21.339
23.2,-21.3389
23.21,-21.3388
23.22,-21.3387
23.23,-21.3386
23.24,-21.3385
23.25,-21.3384
23.26,-21.3383
23.27,-21.3382
23.28,-21.3381
23.29,-21.338
23.3,-21.3379
23.31,-21.3378
23.32,-21.3377
23.33,-21.3376
23.34,-21.3375
23.35,-21.3374
23.36,-21.3373
23.37,-21.3372
23.38,-21.3371
23.39,-21.337
23.4,-21.3369
23.41,-21.3368
23.42,-21.3367
23.43,-21.3366
23.44,-21.3365
23.45,-21.3365
23.46,-21.3364
23.47,-21.3363
23.48,-21.3362
23.49,-21.3361
23.5,-21.336
23.51,-21.3359
23.52,-21.3358
23.53,-21.3357
23.54,-21.3356
23.55,-21.3355
23.56,-21.3355
23.57,-21.3354
23.58,-21.3353
23.59,-21.3352
23.6,-21.3351
23.61,-21.335
23.62,-21.3349
23.63,-21.3349
23.64,-21.3348
23.65,-21.3347
23.66,-21.3346
23.67,-21.3345
23.68,-21.3344
23.69,-21.3344
23.7,-21.3343
23.71,-21.3342
23.72,-21.3341
23.73,-21.334
23.74,-21.3339
23.75,-21.3339
23.76,-21.3338
23.77,-21.3337
23.78,-21.3336
23.79,-21.3335
23.8,-21.3335
23.81,-21.3334
23.82,-21.3333
23.83,-21.3332
23.84,-21.3332
23.85,-21.3331
23.86,-21.333
23.87,-21.3329
23.88,-21.3328
23.89,-21.3328
23.9,-21.3327
23.91,-21.3326
23.92,-21.3325
23.93,-21.3325
23.94,-21.3324
23.95,-21.3323
23.96,-21.3323
23.97,-21.3322
23.98,-21.3321
23.99,-21.332
24,-21.332
24.01,-21.3319
24.02,-21.3318
24.03,-21.3317
24.04,-21.3317
24.05,-21.3316
24.06,-21.3315
24.07,-21.3315
24.08,-21.3314
24.09,-21.3313
24.1,-21.3313
24.11,-21.3312
24.12,-21.3311
24.13,-21.3311
24.14,-21.331
24.15,-21.3309
24.16,-21.3309
24.17,-21.3308
24.18,-21.3307
24.19,-21.3307
24.2,-21.3306
24.21,-21.3305
24.22,-21.3305
24.23,-21.3304
24.24,-21.3303
24.25,-21.3303
24.26,-21.3302
24.27,-21.3301
24.28,-21.3301
24.29,-21.33
24.3,-21.33
24.31,-21.3299
24.32,-21.3298
24.33,-21.3298
24.34,-21.3297
24.35,-21.3297
24.36,-21.3296
24.37,-21.3295
24.38,-21.3295
24.39,-21.3294
24.4,-21.3294
24.41,-21.3293
24.42,-21.3292
24.43,-21.3292
24.44,-21.3291
24.45,-21.3291
24.46,-21.329
24.47,-21.329
24.48,-21.3289
24.49,-21.3288
24.5,-21.3288
24.51,-21.3287
24.52,-21.3287
24.53,-21.3286
24.54,-21.3286
24.55,-21.3285
24.56,-21.3285
24.57,-21.3284
24.58,-21.3283
24.59,-21.3283
24.6,-21.3282
24.61,-21.3282
24.62,-21.3281
24.63,-21.3281
24.64,-21.328
24.65,-21.328
24.66,-21.3279
24.67,-21.3279
24.68,-21.3278
24.69,-21.3278
24.7,-21.3277
24.71,-21.3277
24.72,-21.3276
24.73,-21.3276
24.74,-21.3275
24.75,-21.3275
24.76,-21.3274
24.77,-21.3274
24.78,-21.3273
24.79,-21.3273
24.8,-21.3272
24.81,-21.3272
24.82,-21.3271
24.83,-21.3271
24.84,-21.327
24.85,-21.327
24.86,-21.3269
24.87,-21.3269
24.88,-21.3269
24.89,-21.3268
24.9,-21.3268
24.91,-21.3267
24.92,-21.3267
24.93,-21.3266
24.94,-21.3266
24.95,-21.3265
24.96,-21.3265
24.97,-21.3264
24.98,-21.3264
24.99,-21.3264
25,-21.3263
25.01,-21.3263
25.02,-21.3262
25.03,-21.3262
25.04,-21.3261
25.05,-21.3261
25.06,-21.3261
25.07,-21.326
25.08,-21.326
25.09,-21.3259
25.1,-21.3259
25.11,-21.3259
25.12,-21.3258
25.13,-21.3258
25.14,-21.3257
25.15,-21.3257
25.16,-21.3257
25.17,-21.3256
25.18,-21.3256
25.19,-21.3255
25.2,-21.3255
25.21,-21.3255
25.22,-21.3254
25.23,-21.3254
25.24,-21.3254
25.25,-21.3253
25.26,-21.3253
25.27,-21.3252
25.28,-21.3252
25.29,-21.3252
25.3,-21.3251
25.31,-21.3251
25.32,-21.3251
25.33,-21.325
25.34,-21.325
25.35,-21.325
25.36,-21.3249
25.37,-21.3249
25.38,-21.3248
25.39,-21.3248
25.4,-21.3248
25.41,-21.3247
25.42,-21.3247
25.43,-21.3247
25.44,-21.3246
25.45,-21.3246
25.46,-21.3246
25.47,-21.3245
25.48,-21.3245
25.49,-21.3245
25.5,-21.3244
25.51,-21.3244
25.52,-21.3244
25.53,-21.3244
25.54,-21.3243
25.55,-21.3243
25.56,-21.3243
25.57,-21.3242
25.58,-21.3242
25.59,-21.3242
25.6,-21.3241
25.61,-21.3241
25.62,-21.3241
25.63,-21.324
25.64,-21.324
25.65,-21.324
25.66,-21.324
25.67,-21.3239
25.68,-21.3239
25.69,-21.3239
25.7,-21.3238
25.71,-21.3238
25.72,-21.3238
25.73,-21.3238
25.74,-21.3237
25.75,-21.3237
25.76,-21.3237
25.77,-21.3236
25.78,-21.3236
25.79,-21.3236
25.8,-21.3236
25.81,-21.3235
25.82,-21.3235
25.83,-21.3235
25.84,-21.3235
25.85,-21.3234
25.86,-21.3234
25.87,-21.3234
25.88,-21.3234
25.89,-21.3233
25.9,-21.3233
25.91,-21.3233
25.92,-21.3233
25.93,-21.3232
25.94,-21.3232
25.95,-21.3232
25.96,-21.3232
25.97,-21.3231
25.98,-21.3231
25.99,-21.3231
26,-21.3231
26.01,-21.323
26.02,-21.323
26.03,-21.323
26.04,-21.323
26.05,-21.323
26.06,-21.3229
26.07,-21.3229
26.08,-21.3229
26.09,-21.3229
26.1,-21.3228
26.11,-21.3228
26.12,-21.3228
26.13,-21.3228
26.14,-21.3228
26.15,-21.3227
26.16,-21.3227
26.17,-21.3227
26.18,-21.3227
26.19,-21.3227
26.2,-21.3226
26.21,-21.3226
26.22,-21.3226
26.23,-21.3226
26.24,-21.3226
26.25,-21.3225
26.26,-21.3225
26.27,-21.3225
26.28,-21.3225
26.29,-21.3225
26.3,-21.3224
26.31,-21.3224
26.32,-21.3224
26.33,-21.3224
26.34,-21.3224
26.35,-21.3223
26.36,-21.3223
26.37,-21.3223
26.38,-21.3223
26.39,-21.3223
26.4,-21.3223
26.41,-21.3222
26.42,-21.3222
26.43,-21.3222
26.44,-21.3222
26.45,-21.3222
26.46,-21.3222
26.47,-21.3221
26.48,-21.3221
26.49,-21.3221
26.5,-21.3221
26.51,-21.3221
26.52,-21.3221
26.53,-21.322
26.54,-21.322
26.55,-21.322
26.56,-21.322
26.57,-21.322
26.58,-21.322
26.59,-21.322
26.6,-21.3219
26.61,-21.3219
26.62,-21.3219
26.63,-21.3219
26.64,-21.3219
26.65,-21.3219
26.66,-21.3219
26.67,-21.3218
26.68,-21.3218
26.69,-21.3218
26.7,-21.3218
26.71,-21.3218
26.72,-21.3218
26.73,-21.3218
26.74,-21.3218
26.75,-21.3217
26.76,-21.3217
26.77,-21.3217
26.78,-21.3217
26.79,-21.3217
26.8,-21.3217
26.81,-21.3217
26.82,-21.3217
26.83,-21.3216
26.84,-21.3216
26.85,-21.3216
26.86,-21.3216
26.87,-21.3216
26.88,-21.3216
26.89,-21.3216
26.9,-21.3216
26.91,-21.3216
26.92,-21.3215
26.93,-21.3215
26.94,-21.3215
26.95,-21.3215
26.96,-21.3215
26.97,-21.3215
26.98,-21.3215
26.99,-21.3215
27,-21.3215
27.01,-21.3214
27.02,-21.3214
27.03,-21.3214
27.04,-21.3214
27.05,-21.3214
27.06,-21.3214
27.07,-21.3214
27.08,-21.3214
27.09,-21.3214
27.1,-21.3214
27.11,-21.3214
27.12,-21.3213
27.13,-21.3213
27.14,-21.3213
27.15,-21.3213
27.16,-21.3213
27.17,-21.3213
27.18,-21.3213
27.19,-21.3213
27.2,-21.3213
27.21,-21.3213
27.22,-21.3213
27.23,-21.3213
27.24,-21.3213
27.25,-21.3212
27.26,-21.3212
27.27,-21.3212
27.28,-21.3212
27.29,-21.3212
27.3,-21.3212
27.31,-21.3212
27.32,-21.3212
27.33,-21.3212
27.34,-21.3212
27.35,-21.3212
27.36,-21.3212
27.37,-21.3212
27.38,-21.3212
27.39,-21.3212
27.4,-21.3211
27.41,-21.3211
27.42,-21.3211
27.43,-21.3211
27.44,-21.3211
27.45,-21.3211
27.46,-21.3211
27.47,-21.3211
27.48,-21.3211
27.49,-21.3211
27.5,-21.3211
27.51,-21.3211
27.52,-21.3211
27.53,-21.3211
27.54,-21.3211
27.55,-21.3211
27.56,-21.3211
27.57,-21.3211
27.58,-21.3211
27.59,-21.321
27.6,-21.321
27.61,-21.321
27.62,-21.321
27.63,-21.321
27.64,-21.321
27.65,-21.321
27.66,-21.321
27.67,-21.321
27.68,-21.321
27.69,-21.321
27.7,-21.321
27.71,-21.321
27.72,-21.321
27.73,-21.321
27.74,-21.321
27.75,-21.321
27.76,-21.321
27.77,-21.321
27.78,-21.321
27.79,-21.321
27.8,-21.321
27.81,-21.321
27.82,-21.321
27.83,-21.321
27.84,-21.321
27.85,-21.321
27.86,-21.321
27.87,-21.321
27.88,-21.321
27.89,-21.321
27.9,-21.321
27.91,-21.321
27.92,-21.321
27.93,-21.321
27.94,-21.321
27.95,-21.3209
27.96,-21.3209
27.97,-21.3209
27.98,-21.3209
27.99,-21.3209
28,-21.3209
28.01,-21.3209
28.02,-21.3209
28.03,-21.3209
28.04,-21.3209
28.05,-21.3209
28.06,-21.3209
28.07,-21.3209
28.08,-21.3209
28.09,-21.3209
28.1,-21.3209
28.11,-21.3209
28.12,-21.3209
28.13,-21.3209
28.14,-21.3209
28.15,-21.3209
28.16,-21.3209
28.17,-21.3209
28.18,-21.3209
28.19,-21.3209
28.2,-21.3209
28.21,-21.3209
28.22,-21.3209
28.23,-21.3209
28.24,-21.3209
28.25,-21.3209
28.26,-21.3209
28.27,-21.3209
28.28,-21.3209
28.29,-21.3209
28.3,-21.3209
28.31,-21.3209
28.32,-21.3209
28.33,-21.3209
28.34,-21.3209
28.35,-21.3209
28.36,-21.3209
28.37,-21.3209
28.38,-21.3209
28.39,-21.3209
28.4,-21.321
28.41,-21.321
28.42,-21.321
28.43,-21.321
28.44,-21.321
28.45,-21.321
28.46,-21.321
28.47,-21.321
28.48,-21.321
28.49,-21.321
28.5,-21.321
28.51,-21.321
28.52,-21.321
28.53,-21.321
28.54,-21.321
28.55,-21.321
28.56,-21.321
28.57,-21.321
28.58,-21.321
28.59,-21.321
28.6,-21.321
28.61,-21.321
28.62,-21.321
28.63,-21.321
28.64,-21.321
28.65,-21.321
28.66,-21.321
28.67,-21.321
28.68,-21.321
28.69,-21.321
28.7,-21.321
28.71,-21.321
28.72,-21.321
28.73,-21.321
28.74,-21.321
28.75,-21.321
28.76,-21.321
28.77,-21.321
28.78,-21.321
28.79,-21.321
28.8,-21.3211
28.81,-21.3211
28.82,-21.3211
28.83,-21.3211
28.84,-21.3211
28.85,-21.3211
28.86,-21.3211
28.87,-21.3211
28.88,-21.3211
28.89,-21.3211
28.9,-21.3211
28.91,-21.3211
28.92,-21.3211
28.93,-21.3211
28.94,-21.3211
28.95,-21.3211
28.96,-21.3211
28.97,-21.3211
28.98,-21.3211
28.99,-21.3211
29,-21.3211
29.01,-21.3211
29.02,-21.3211
29.03,-21.3211
29.04,-21.3212
29.05,-21.3212
29.06,-21.3212
29.07,-21.3212
29.08,-21.3212
29.09,-21.3212
29.1,-21.3212
29.11,-21.3212
29.12,-21.3212
29.13,-21.3212
29.14,-21.3212
29.15,-21.3212
29.16,-21.3212
29.17,-21.3212
29.18,-21.3212
29.19,-21.3212
29.2,-21.3212
29.21,-21.3212
29.22,-21.3212
29.23,-21.3212
29.24,-21.3213
29.25,-21.3213
29.26,-21.3213
29.27,-21.3213
29.28,-21.3213
29.29,-21.3213
29.3,-21.3213
29.31,-21.3213
29.32,-21.3213
29.33,-21.3213
29.34,-21.3213
29.35,-21.3213
29.36,-21.3213
29.37,-21.3213
29.38,-21.3213
29.39,-21.3213
29.4,-21.3213
29.41,-21.3213
29.42,-21.3214
29.43,-21.3214
29.44,-21.3214
29.45,-21.3214
29.46,-21.3214
29.47,-21.3214
29.48,-21.3214
29.49,-21.3214
29.5,-21.3214
29.51,-21.3214
29.52,-21.3214
29.53,-21.3214
29.54,-21.3214
29.55,-21.3214
29.56,-21.3214
29.57,-21.3214
29.58,-21.3215
29.59,-21.3215
29.6,-21.3215
29.61,-21.3215
29.62,-21.3215
29.63,-21.3215
29.64,-21.3215
29.65,-21.3215
29.66,-21.3215
29.67,-21.3215
29.68,-21.3215
29.69,-21.3215
29.7,-21.3215
29.71,-21.3215
29.72,-21.3215
29.73,-21.3216
29.74,-21.3216
29.75,-21.3216
29.76,-21.3216
29.77,-21.3216
29.78,-21.3216
29.79,-21.3216
29.8,-21.3216
29.81,-21.3216
29.82,-21.3216
29.83,-21.3216
29.84,-21.3216
29.85,-21.3216
29.86,-21.3216
29.87,-21.3217
29.88,-21.3217
29.89,-21.3217
29.9,-21.3217
29.91,-21.3217
29.92,-21.3217
29.93,-21.3217
29.94,-21.3217
29.95,-21.3217
29.96,-21.3217
29.97,-21.3217
29.98,-21.3217
29.99,-21.3217
30,-21.3218
30.01,-21.3218
30.02,-21.3218
30.03,-21.3218
30.04,-21.3218
30.05,-21.3218
30.06,-21.3218
30.07,-21.3218
30.08,-21.3218
30.09,-21.3218
30.1,-21.3218
30.11,-21.3218
30.12,-21.3218
30.13,-21.3219
30.14,-21.3219
30.15,-21.3219
30.16,-21.3219
30.17,-21.3219
30.18,-21.3219
30.19,-21.3219
30.2,-21.3219
30.21,-21.3219
30.22,-21.3219
30.23,-21.3219
30.24,-21.3219
30.25,-21.322
30.26,-21.322
30.27,-21.322
30.28,-21.322
30.29,-21.322
30.3,-21.322
30.31,-21.322
30.32,-21.322
30.33,-21.322
30.34,-21.322
30.35,-21.322
30.36,-21.322
30.37,-21.3221
30.38,-21.3221
30.39,-21.3221
30.4,-21.3221
30.41,-21.3221
30.42,-21.3221
30.43,-21.3221
30.44,-21.3221
30.45,-21.3221
30.46,-21.3221
30.47,-21.3221
30.48,-21.3221
30.49,-21.3222
30.5,-21.3222
30.51,-21.3222
30.52,-21.3222
30.53,-21.3222
30.54,-21.3222
30.55,-21.3222
30.56,-21.3222
30.57,-21.3222
30.58,-21.3222
30.59,-21.3222
30.6,-21.3223
30.61,-21.3223
30.62,-21.3223
30.63,-21.3223
30.64,-21.3223
30.65,-21.3223
30.66,-21.3223
30.67,-21.3223
30.68,-21.3223
30.69,-21.3223
30.7,-21.3223
30.71,-21.3223
30.72,-21.3224
30.73,-21.3224
30.74,-21.3224
30.75,-21.3224
30.76,-21.3224
30.77,-21.3224
30.78,-21.3224
30.79,-21.3224
30.8,-21.3224
30.81,-21.3224
30.82,-21.3224
30.83,-21.3225
30.84,-21.3225
30.85,-21.3225
30.86,-21.3225
30.87,-21.3225
30.88,-21.3225
30.89,-21.3225
30.9,-21.3225
30.91,-21.3225
30.92,-21.3225
30.93,-21.3225
30.94,-21.3226
30.95,-21.3226
30.96,-21.3226
30.97,-21.3226
30.98,-21.3226
30.99,-21.3226
31,-21.3226
31.01,-21.3226
31.02,-21.3226
31.03,-21.3226
31.04,-21.3227
31.05,-21.3227
31.06,-21.3227
31.07,-21.3227
31.08,-21.3227
31.09,-21.3227
31.1,-21.3227
31.11,-21.3227
31.12,-21.3227
31.13,-21.3227
31.14,-21.3227
31.15,-21.3228
31.16,-21.3228
31.17,-21.3228
31.18,-21.3228
31.19,-21.3228
31.2,-21.3228
31.21,-21.3228
31.22,-21.3228
31.23,-21.3228
31.24,-21.3228
31.25,-21.3229
31.26,-21.3229
31.27,-21.3229
31.28,-21.3229
31.29,-21.3229
31.3,-21.3229
31.31,-21.3229
31.32,-21.3229
31.33,-21.3229
31.34,-21.3229
31.35,-21.3229
31.36,-21.323
31.37,-21.323
31.38,-21.323
31.39,-21.323
31.4,-21.323
31.41,-21.323
31.42,-21.323
31.43,-21.323
31.44,-21.323
31.45,-21.323
31.46,-21.3231
31.47,-21.3231
31.48,-21.3231
31.49,-21.3231
31.5,-21.3231
31.51,-21.3231
31.52,-21.3231
31.53,-21.3231
31.54,-21.3231
31.55,-21.3231
31.56,-21.3232
31.57,-21.3232
31.58,-21.3232
31.59,-21.3232
31.6,-21.3232
31.61,-21.3232
31.62,-21.3232
31.63,-21.3232
31.64,-21.3232
31.65,-21.3232
31.66,-21.3232
31.67,-21.3233
31.68,-21.3233
31.69,-21.3233
31.7,-21.3233
31.71,-21.3233
31.72,-21.3233
31.73,-21.3233
31.74,-21.3233
31.75,-21.3233
31.76,-21.3233
31.77,-21.3234
31.78,-21.3234
31.79,-21.3234
31.8,-21.3234
31.81,-21.3234
31.82,-21.3234
31.83,-21.3234
31.84,-21.3234
31.85,-21.3234
31.86,-21.3234
31.87,-21.3235
31.88,-21.3235
31.89,-21.3235
31.9,-21.3235
31.91,-21.3235
31.92,-21.3235
31.93,-21.3235
31.94,-21.3235
31.95,-21.3235
31.96,-21.3235
31.97,-21.3236
31.98,-21.3236
31.99,-21.3236
32,-21.3236
32.01,-21.3236
32.02,-21.3236
32.03,-21.3236
32.04,-21.3236
32.05,-21.3236
32.06,-21.3236
32.07,-21.3237
32.08,-21.3237
32.09,-21.3237
32.1,-21.3237
32.11,-21.3237
32.12,-21.3237
32.13,-21.3237
32.14,-21.3237
32.15,-21.3237
32.16,-21.3237
32.17,-21.3238
32.18,-21.3238
32.19,-21.3238
32.2,-21.3238
32.21,-21.3238
32.22,-21.3238
32.23,-21.3238
32.24,-21.3238
32.25,-21.3238
32.26,-21.3238
32.27,-21.3239
32.28,-21.3239
32.29,-21.3239
32.3,-21.3239
32.31,-21.3239
32.32,-21.3239
32.33,-21.3239
32.34,-21.3239
32.35,-21.3239
32.36,-21.3239
32.37,-21.324
32.38,-21.324
32.39,-21.324
32.4,-21.324
32.41,-21.324
32.42,-21.324
32.43,-21.324
32.44,-21.324
32.45,-21.324
32.46,-21.324
32.47,-21.3241
32.48,-21.3241
32.49,-21.3241
32.5,-21.3241
32.51,-21.3241
32.52,-21.3241
32.53,-21.3241
32.54,-21.3241
32.55,-21.3241
32.56,-21.3241
32.57,-21.3242
32.58,-21.3242
32.59,-21.3242
32.6,-21.3242
32.61,-21.3242
32.62,-21.3242
32.63,-21.3242
32.64,-21.3242
32.65,-21.3242
32.66,-21.3242
32.67,-21.3243
32.68,-21.3243
32.69,-21.3243
32.7,-21.3243
32.71,-21.3243
32.72,-21.3243
32.73,-21.3243
32.74,-21.3243
32.75,-21.3243
32.76,-21.3243
32.77,-21.3244
32.78,-21.3244
32.79,-21.3244
32.8,-21.3244
32.81,-21.3244
32.82,-21.3244
32.83,-21.3244
32.84,-21.3244
32.85,-21.3244
32.86,-21.3244
32.87,-21.3245
32.88,-21.3245
32.89,-21.3245
32.9,-21.3245
32.91,-21.3245
32.92,-21.3245
32.93,-21.3245
32.94,-21.3245
32.95,-21.3245
32.96,-21.3245
32.97,-21.3246
32.98,-21.3246
32.99,-21.3246
33,-21.3246
33.01,-21.3246
33.02,-21.3246
33.03,-21.3246
33.04,-21.3246
33.05,-21.3246
33.06,-21.3246
33.07,-21.3246
33.08,-21.3247
33.09,-21.3247
33.1,-21.3247
33.11,-21.3247
33.12,-21.3247
33.13,-21.3247
33.14,-21.3247
33.15,-21.3247
33.16,-21.3247
33.17,-21.3247
33.18,-21.3248
33.19,-21.3248
33.2,-21.3248
33.21,-21.3248
33.22,-21.3248
33.23,-21.3248
33.24,-21.3248
33.25,-21.3248
33.26,-21.3248
33.27,-21.3248
33.28,-21.3249
33.29,-21.3249
33.3,-21.3249
33.31,-21.3249
33.32,-21.3249
33.33,-21.3249
33.34,-21.3249
33.35,-21.3249
33.36,-21.3249
33.37,-21.3249
33.38,-21.325
33.39,-21.325
33.4,-21.325
33.41,-21.325
33.42,-21.325
33.43,-21.325
33.44,-21.325
33.45,-21.325
33.46,-21.325
33.47,-21.325
33.48,-21.325
33.49,-21.3251
33.5,-21.3251
33.51,-21.3251
33.52,-21.3251
33.53,-21.3251
33.54,-21.3251
33.55,-21.3251
33.56,-21.3251
33.57,-21.3251
33.58,-21.3251
33.59,-21.3252
33.6,-21.3252
33.61,-21.3252
33.62,-21.3252
33.63,-21.3252
33.64,-21.3252
33.65,-21.3252
33.66,-21.3252
33.67,-21.3252
33.68,-21.3252
33.69,-21.3253
33.7,-21.3253
33.71,-21.3253
33.72,-21.3253
33.73,-21.3253
33.74,-21.3253
33.75,-21.3253
33.76,-21.3253
33.77,-21.3253
33.78,-21.3253
33.79,-21.3253
33.8,-21.3254
33.81,-21.3254
33.82,-21.3254
33.83,-21.3254
33.84,-21.3254
33.85,-21.3254
33.86,-21.3254
33.87,-21.3254
33.88,-21.3254
33.89,-21.3254
33.9,-21.3255
33.91,-21.3255
33.92,-21.3255
33.93,-21.3255
33.94,-21.3255
33.95,-21.3255
33.96,-21.3255
33.97,-21.3255
33.98,-21.3255
33.99,-21.3255
34,-21.3255
34.01,-21.3256
34.02,-21.3256
34.03,-21.3256
34.04,-21.3256
34.05,-21.3256
34.06,-21.3256
34.07,-21.3256
34.08,-21.3256
34.09,-21.3256
34.1,-21.3256
34.11,-21.3256
34.12,-21.3257
34.13,-21.3257
34.14,-21.3257
34.15,-21.3257
34.16,-21.3257
34.17,-21.3257
34.18,-21.3257
34.19,-21.3257
34.2,-21.3257
34.21,-21.3257
34.22,-21.3258
34.23,-21.3258
34.24,-21.3258
34.25,-21.3258
34.26,-21.3258
34.27,-21.3258
34.28,-21.3258
34.29,-21.3258
34.3,-21.3258
34.31,-21.3258
34.32,-21.3258
34.33,-21.3259
34.34,-21.3259
34.35,-21.3259
34.36,-21.3259
34.37,-21.3259
34.38,-21.3259
34.39,-21.3259
34.4,-21.3259
34.41,-21.3259
34.42,-21.3259
34.43,-21.3259
34.44,-21.326
34.45,-21.326
34.46,-21.326
34.47,-21.326
34.48,-21.326
34.49,-21.326
34.5,-21.326
34.51,-21.326
34.52,-21.326
34.53,-21.326
34.54,-21.326
34.55,-21.3261
34.56,-21.3261
34.57,-21.3261
34.58,-21.3261
34.59,-21.3261
34.6,-21.3261
34.61,-21.3261
34.62,-21.3261
34.63,-21.3261
34.64,-21.3261
34.65,-21.3261
34.66,-21.3261
34.67,-21.3262
34.68,-21.3262
34.69,-21.3262
34.7,-21.3262
34.71,-21.3262
34.72,-21.3262
34.73,-21.3262
34.74,-21.3262
34.75,-21.3262
34.76,-21.3262
34.77,-21.3262
34.78,-21.3263
34.79,-21.3263
34.8,-21.3263
34.81,-21.3263
34.82,-21.3263
34.83,-21.3263
34.84,-21.3263
34.85,-21.3263
34.86,-21.3263
34.87,-21.3263
34.88,-21.3263
34.89,-21.3264
34.9,-21.3264
34.91,-21.3264
34.92,-21.3264
34.93,-21.3264
34.94,-21.3264
34.95,-21.3264
34.96,-21.3264
34.97,-21.3264
34.98,-21.3264
34.99,-21.3264
35,-21.3264
35.01,-21.3265
35.02,-21.3265
35.03,-21.3265
35.04,-21.3265
35.05,-21.3265
35.06,-21.3265
35.07,-21.3265
35.08,-21.3265
35.09,-21.3265
35.1,-21.3265
35.11,-21.3265
35.12,-21.3266
35.13,-21.3266
35.14,-21.3266
35.15,-21.3266
35.16,-21.3266
35.17,-21.3266
35.18,-21.3266
35.19,-21.3266
35.2,-21.3266
35.21,-21.3266
35.22,-21.3266
35.23,-21.3266
35.24,-21.3267
35.25,-21.3267
35.26,-21.3267
35.27,-21.3267
35.28,-21.3267
35.29,-21.3267
35.3,-21.3267
35.31,-21.3267
35.32,-21.3267
35.33,-21.3267
35.34,-21.3267
35.35,-21.3267
35.36,-21.3268
35.37,-21.3268
35.38,-21.3268
35.39,-21.3268
35.4,-21.3268
35.41,-21.3268
35.42,-21.3268
35.43,-21.3268
35.44,-21.3268
35.45,-21.3268
35.46,-21.3268
35.47,-21.3268
35.48,-21.3269
35.49,-21.3269
35.5,-21.3269
35.51,-21.3269
35.52,-21.3269
35.53,-21.3269
35.54,-21.3269
35.55,-21.3269
35.56,-21.3269
35.57,-21.3269
35.58,-21.3269
35.59,-21.3269
35.6,-21.327
35.61,-21.327
35.62,-21.327
35.63,-21.327
35.64,-21.327
35.65,-21.327
35.66,-21.327
35.67,-21.327
35.68,-21.327
35.69,-21.327
35.7,-21.327
35.71,-21.327
35.72,-21.327
35.73,-21.3271
35.74,-21.3271
35.75,-21.3271
35.76,-21.3271
35.77,-21.3271
35.78,-21.3271
35.79,-21.3271
35.8,-21.3271
35.81,-21.3271
35.82,-21.3271
35.83,-21.3271
35.84,-21.3271
35.85,-21.3272
35.86,-21.3272
35.87,-21.3272
35.88,-21.3272
35.89,-21.3272
35.9,-21.3272
35.91,-21.3272
35.92,-21.3272
35.93,-21.3272
35.94,-21.3272
35.95,-21.3272
35.96,-21.3272
35.97,-21.3272
35.98,-21.3273
35.99,-21.3273
36,-21.3273
36.01,-21.3273
36.02,-21.3273
36.03,-21.3273
36.04,-21.3273
36.05,-21.3273
36.06,-21.3273
36.07,-21.3273
36.08,-21.3273
36.09,-21.3273
36.1,-21.3273
36.11,-21.3274
36.12,-21.3274
36.13,-21.3274
36.14,-21.3274
36.15,-21.3274
36.16,-21.3274
36.17,-21.3274
36.18,-21.3274
36.19,-21.3274
36.2,-21.3274
36.21,-21.3274
36.22,-21.3274
36.23,-21.3274
36.24,-21.3275
36.25,-21.3275
36.26,-21.3275
36.27,-21.3275
36.28,-21.3275
36.29,-21.3275
36.3,-21.3275
36.31,-21.3275
36.32,-21.3275
36.33,-21.3275
36.34,-21.3275
36.35,-21.3275
36.36,-21.3275
36.37,-21.3276
36.38,-21.3276
36.39,-21.3276
36.4,-21.3276
36.41,-21.3276
36.42,-21.3276
36.43,-21.3276
36.44,-21.3276
36.45,-21.3276
36.46,-21.3276
36.47,-21.3276
36.48,-21.3276
36.49,-21.3276
36.5,-21.3276
36.51,-21.3277
36.52,-21.3277
36.53,-21.3277
36.54,-21.3277
36.55,-21.3277
36.56,-21.3277
36.57,-21.3277
36.58,-21.3277
36.59,-21.3277
36.6,-21.3277
36.61,-21.3277
36.62,-21.3277
36.63,-21.3277
36.64,-21.3278
36.65,-21.3278
36.66,-21.3278
36.67,-21.3278
36.68,-21.3278
36.69,-21.3278
36.7,-21.3278
36.71,-21.3278
36.72,-21.3278
36.73,-21.3278
36.74,-21.3278
36.75,-21.3278
36.76,-21.3278
36.77,-21.3278
36.78,-21.3279
36.79,-21.3279
36.8,-21.3279
36.81,-21.3279
36.82,-21.3279
36.83,-21.3279
36.84,-21.3279
36.85,-21.3279
36.86,-21.3279
36.87,-21.3279
36.88,-21.3279
36.89,-21.3279
36.9,-21.3279
36.91,-21.3279
36.92,-21.328
36.93,-21.328
36.94,-21.328
36.95,-21.328
36.96,-21.328
36.97,-21.328
36.98,-21.328
36.99,-21.328
37,-21.328
37.01,-21.328
37.02,-21.328
37.03,-21.328
37.04,-21.328
37.05,-21.328
37.06,-21.328
37.07,-21.3281
37.08,-21.3281
37.09,-21.3281
37.1,-21.3281
37.11,-21.3281
37.12,-21.3281
37.13,-21.3281
37.14,-21.3281
37.15,-21.3281
37.16,-21.3281
37.17,-21.3281
37.18,-21.3281
37.19,-21.3281
37.2,-21.3281
37.21,-21.3281
37.22,-21.3282
37.23,-21.3282
37.24,-21.3282
37.25,-21.3282
37.26,-21.3282
37.27,-21.3282
37.28,-21.3282
37.29,-21.3282
37.3,-21.3282
37.31,-21.3282
37.32,-21.3282
37.33,-21.3282
37.34,-21.3282
37.35,-21.3282
37.36,-21.3282
37.37,-21.3283
37.38,-21.3283
37.39,-21.3283
37.4,-21.3283
37.41,-21.3283
37.42,-21.3283
37.43,-21.3283
37.44,-21.3283
37.45,-21.3283
37.46,-21.3283
37.47,-21.3283
37.48,-21.3283
37.49,-21.3283
37.5,-21.3283
37.51,-21.3283
37.52,-21.3284
37.53,-21.3284
37.54,-21.3284
37.55,-21.3284
37.56,-21.3284
37.57,-21.3284
37.58,-21.3284
37.59,-21.3284
37.6,-21.3284
37.61,-21.3284
37.62,-21.3284
37.63,-21.3284
37.64,-21.3284
37.65,-21.3284
37.66,-21.3284
37.67,-21.3284
37.68,-21.3285
37.69,-21.3285
37.7,-21.3285
37.71,-21.3285
37.72,-21.3285
37.73,-21.3285
37.74,-21.3285
37.75,-21.3285
37.76,-21.3285
37.77,-21.3285
37.78,-21.3285
37.79,-21.3285
37.8,-21.3285
37.81,-21.3285
37.82,-21.3285
37.83,-21.3285
37.84,-21.3286
37.85,-21.3286
37.86,-21.3286
37.87,-21.3286
37.88,-21.3286
37.89,-21.3286
37.9,-21.3286
37.91,-21.3286
37.92,-21.3286
37.93,-21.3286
37.94,-21.3286
37.95,-21.3286
37.96,-21.3286
37.97,-21.3286
37.98,-21.3286
37.99,-21.3286
38,-21.3287
38.01,-21.3287
38.02,-21.3287
38.03,-21.3287
38.04,-21.3287
38.05,-21.3287
38.06,-21.3287
38.07,-21.3287
38.08,-21.3287
38.09,-21.3287
38.1,-21.3287
38.11,-21.3287
38.12,-21.3287
38.13,-21.3287
38.14,-21.3287
38.15,-21.3287
38.16,-21.3287
38.17,-21.3288
38.18,-21.3288
38.19,-21.3288
38.2,-21.3288
38.21,-21.3288
38.22,-21.3288
38.23,-21.3288
38.24,-21.3288
38.25,-21.3288
38.26,-21.3288
38.27,-21.3288
38.28,-21.3288
38.29,-21.3288
38.3,-21.3288
38.31,-21.3288
38.32,-21.3288
38.33,-21.3288
38.34,-21.3289
38.35,-21.3289
38.36,-21.3289
38.37,-21.3289
38.38,-21.3289
38.39,-21.3289
38.4,-21.3289
38.41,-21.3289
38.42,-21.3289
38.43,-21.3289
38.44,-21.3289
38.45,-21.3289
38.46,-21.3289
38.47,-21.3289
38.48,-21.3289
38.49,-21.3289
38.5,-21.3289
38.51,-21.329
38.52,-21.329
38.53,-21.329
38.54,-21.329
38.55,-21.329
38.56,-21.329
38.57,-21.329
38.58,-21.329
38.59,-21.329
38.6,-21.329
38.61,-21.329
38.62,-21.329
38.63,-21.329
38.64,-21.329
38.65,-21.329
38.66,-21.329
38.67,-21.329
38.68,-21.329
38.69,-21.3291
38.7,-21.3291
38.71,-21.3291
38.72,-21.3291
38.73,-21.3291
38.74,-21.3291
38.75,-21.3291
38.76,-21.3291
38.77,-21.3291
38.78,-21.3291
38.79,-21.3291
38.8,-21.3291
38.81,-21.3291
38.82,-21.3291
38.83,-21.3291
38.84,-21.3291
38.85,-21.3291
38.86,-21.3291
38.87,-21.3291
38.88,-21.3292
38.89,-21.3292
38.9,-21.3292
38.91,-21.3292
38.92,-21.3292
38.93,-21.3292
38.94,-21.3292
38.95,-21.3292
38.96,-21.3292
38.97,-21.3292
38.98,-21.3292
38.99,-21.3292
39,-21.3292
39.01,-21.3292
39.02,-21.3292
39.03,-21.3292
39.04,-21.3292
39.05,-21.3292
39.06,-21.3292
39.07,-21.3293
39.08,-21.3293
39.09,-21.3293
39.1,-21.3293
39.11,-21.3293
39.12,-21.3293
39.13,-21.3293
39.14,-21.3293
39.15,-21.3293
39.16,-21.3293
39.17,-21.3293
39.18,-21.3293
39.19,-21.3293
39.2,-21.3293
39.21,-21.3293
39.22,-21.3293
39.23,-21.3293
39.24,-21.3293
39.25,-21.3293
39.26,-21.3294
39.27,-21.3294
39.28,-21.3294
39.29,-21.3294
39.3,-21.3294
39.31,-21.3294
39.32,-21.3294
39.33,-21.3294
39.34,-21.3294
39.35,-21.3294
39.36,-21.3294
39.37,-21.3294
39.38,-21.3294
39.39,-21.3294
39.4,-21.3294
39.41,-21.3294
39.42,-21.3294
39.43,-21.3294
39.44,-21.3294
39.45,-21.3294
39.46,-21.3295
39.47,-21.3295
39.48,-21.3295
39.49,-21.3295
39.5,-21.3295
39.51,-21.3295
39.52,-21.3295
39.53,-21.3295
39.54,-21.3295
39.55,-21.3295
39.56,-21.3295
39.57,-21.3295
39.58,-21.3295
39.59,-21.3295
39.6,-21.3295
39.61,-21.3295
39.62,-21.3295
39.63,-21.3295
39.64,-21.3295
39.65,-21.3295
39.66,-21.3295
39.67,-21.3296
39.68,-21.3296
39.69,-21.3296
39.7,-21.3296
39.71,-21.3296
39.72,-21.3296
39.73,-21.3296
39.74,-21.3296
39.75,-21.3296
39.76,-21.3296
39.77,-21.3296
39.78,-21.3296
39.79,-21.3296
39.8,-21.3296
39.81,-21.3296
39.82,-21.3296
39.83,-21.3296
39.84,-21.3296
39.85,-21.3296
39.86,-21.3296
39.87,-21.3296
39.88,-21.3296
39.89,-21.3297
39.9,-21.3297
39.91,-21.3297
39.92,-21.3297
39.93,-21.3297
39.94,-21.3297
39.95,-21.3297
39.96,-21.3297
39.97,-21.3297
39.98,-21.3297
39.99,-21.3297
40,-21.3297
40.01,-21.3297
40.02,-21.3297
40.03,-21.3297
40.04,-21.3297
40.05,-21.3297
40.06,-21.3297
40.07,-21.3297
40.08,-21.3297
40.09,-21.3297
40.1,-21.3297
40.11,-21.3298
40.12,-21.3298
40.13,-21.3298
40.14,-21.3298
40.15,-21.3298
40.16,-21.3298
40.17,-21.3298
40.18,-21.3298
40.19,-21.3298
40.2,-21.3298
40.21,-21.3298
40.22,-21.3298
40.23,-21.3298
40.24,-21.3298
40.25,-21.3298
40.26,-21.3298
40.27,-21.3298
40.28,-21.3298
40.29,-21.3298
40.3,-21.3298
40.31,-21.3298
40.32,-21.3298
40.33,-21.3298
40.34,-21.3299
40.35,-21.3299
40.36,-21.3299
40.37,-21.3299
40.38,-21.3299
40.39,-21.3299
40.4,-21.3299
40.41,-21.3299
40.42,-21.3299
40.43,-21.3299
40.44,-21.3299
40.45,-21.3299
40.46,-21.3299
40.47,-21.3299
40.48,-21.3299
40.49,-21.3299
40.5,-21.3299
40.51,-21.3299
40.52,-21.3299
40.53,-21.3299
40.54,-21.3299
40.55,-21.3299
40.56,-21.3299
40.57,-21.3299
40.58,-21.33
40.59,-21.33
40.6,-21.33
40.61,-21.33
40.62,-21.33
40.63,-21.33
40.64,-21.33
40.65,-21.33
40.66,-21.33
40.67,-21.33
40.68,-21.33
40.69,-21.33
40.7,-21.33
40.71,-21.33
40.72,-21.33
40.73,-21.33
40.74,-21.33
40.75,-21.33
40.76,-21.33
40.77,-21.33
40.78,-21.33
40.79,-21.33
40.8,-21.33
40.81,-21.33
40.82,-21.33
40.83,-21.3301
40.84,-21.3301
40.85,-21.3301
40.86,-21.3301
40.87,-21.3301
40.88,-21.3301
40.89,-21.3301
40.9,-21.3301
40.91,-21.3301
40.92,-21.3301
40.93,-21.3301
40.94,-21.3301
40.95,-21.3301
40.96,-21.3301
40.97,-21.3301
40.98,-21.3301
40.99,-21.3301
41,-21.3301
41.01,-21.3301
41.02,-21.3301
41.03,-21.3301
41.04,-21.3301
41.05,-21.3301
41.06,-21.3301
41.07,-21.3301
41.08,-21.3301
41.09,-21.3302
41.1,-21.3302
41.11,-21.3302
41.12,-21.3302
41.13,-21.3302
41.14,-21.3302
41.15,-21.3302
41.16,-21.3302
41.17,-21.3302
41.18,-21.3302
41.19,-21.3302
41.2,-21.3302
41.21,-21.3302
41.22,-21.3302
41.23,-21.3302
41.24,-21.3302
41.25,-21.3302
41.26,-21.3302
41.27,-21.3302
41.28,-21.3302
41.29,-21.3302
41.3,-21.3302
41.31,-21.3302
41.32,-21.3302
41.33,-21.3302
41.34,-21.3302
41.35,-21.3302
41.36,-21.3303
41.37,-21.3303
41.38,-21.3303
41.39,-21.3303
41.4,-21.3303
41.41,-21.3303
41.42,-21.3303
41.43,-21.3303
41.44,-21.3303
41.45,-21.3303
41.46,-21.3303
41.47,-21.3303
41.48,-21.3303
41.49,-21.3303
41.5,-21.3303
41.51,-21.3303
41.52,-21.3303
41.53,-21.3303
41.54,-21.3303
41.55,-21.3303
41.56,-21.3303
41.57,-21.3303
41.58,-21.3303
41.59,-21.3303
41.6,-21.3303
41.61,-21.3303
41.62,-21.3303
41.63,-21.3303
41.64,-21.3304
41.65,-21.3304
41.66,-21.3304
41.67,-21.3304
41.68,-21.3304
41.69,-21.3304
41.7,-21.3304
41.71,-21.3304
41.72,-21.3304
41.73,-21.3304
41.74,-21.3304
41.75,-21.3304
41.76,-21.3304
41.77,-21.3304
41.78,-21.3304
41.79,-21.3304
41.8,-21.3304
41.81,-21.3304
41.82,-21.3304
41.83,-21.3304
41.84,-21.3304
41.85,-21.3304
41.86,-21.3304
41.87,-21.3304
41.88,-21.3304
41.89,-21.3304
41.9,-21.3304
41.91,-21.3304
41.92,-21.3304
41.93,-21.3304
41.94,-21.3305
41.95,-21.3305
41.96,-21.3305
41.97,-21.3305
41.98,-21.3305
41.99,-21.3305
42,-21.3305
42.01,-21.3305
42.02,-21.3305
42.03,-21.3305
42.04,-21.3305
42.05,-21.3305
42.06,-21.3305
42.07,-21.3305
42.08,-21.3305
42.09,-21.3305
42.1,-21.3305
42.11,-21.3305
42.12,-21.3305
42.13,-21.3305
42.14,-21.3305
42.15,-21.3305
42.16,-21.3305
42.17,-21.3305
42.18,-21.3305
42.19,-21.3305
42.2,-21.3305
42.21,-21.3305
42.22,-21.3305
42.23,-21.3305
42.24,-21.3305
42.25,-21.3305
42.26,-21.3306
42.27,-21.3306
42.28,-21.3306
42.29,-21.3306
42.3,-21.3306
42.31,-21.3306
42.32,-21.3306
42.33,-21.3306
42.34,-21.3306
42.35,-21.3306
42.36,-21.3306
42.37,-21.3306
42.38,-21.3306
42.39,-21.3306
42.4,-21.3306
42.41,-21.3306
42.42,-21.3306
42.43,-21.3306
42.44,-21.3306
42.45,-21.3306
42.46,-21.3306
42.47,-21.3306
42.48,-21.3306
42.49,-21.3306
42.5,-21.3306
42.51,-21.3306
42.52,-21.3306
42.53,-21.3306
42.54,-21.3306
42.55,-21.3306
42.56,-21.3306
42.57,-21.3306
42.58,-21.3306
42.59,-21.3307
42.6,-21.3307
42.61,-21.3307
42.62,-21.3307
42.63,-21.3307
42.64,-21.3307
42.65,-21.3307
42.66,-21.3307
42.67,-21.3307
42.68,-21.3307
42.69,-21.3307
42.7,-21.3307
42.71,-21.3307
42.72,-21.3307
42.73,-21.3307
42.74,-21.3307
42.75,-21.3307
42.76,-21.3307
42.77,-21.3307
42.78,-21.3307
42.79,-21.3307
42.8,-21.3307
42.81,-21.3307
42.82,-21.3307
42.83,-21.3307
42.84,-21.3307
42.85,-21.3307
42.86,-21.3307
42.87,-21.3307
42.88,-21.3307
42.89,-21.3307
42.9,-21.3307
42.91,-21.3307
42.92,-21.3307
42.93,-21.3307
42.94,-21.3308
42.95,-21.3308
42.96,-21.3308
42.97,-21.3308
42.98,-21.3308
42.99,-21.3308
43,-21.3308
43.01,-21.3308
43.02,-21.3308
43.03,-21.3308
43.04,-21.3308
43.05,-21.3308
43.06,-21.3308
43.07,-21.3308
43.08,-21.3308
43.09,-21.3308
43.1,-21.3308
43.11,-21.3308
43.12,-21.3308
43.13,-21.3308
43.14,-21.3308
43.15,-21.3308
43.16,-21.3308
43.17,-21.3308
43.18,-21.3308
43.19,-21.3308
43.2,-21.3308
43.21,-21.3308
43.22,-21.3308
43.23,-21.3308
43.24,-21.3308
43.25,-21.3308
43.26,-21.3308
43.27,-21.3308
43.28,-21.3308
43.29,-21.3308
43.3,-21.3308
43.31,-21.3308
43.32,-21.3309
43.33,-21.3309
43.34,-21.3309
43.35,-21.3309
43.36,-21.3309
43.37,-21.3309
43.38,-21.3309
43.39,-21.3309
43.4,-21.3309
43.41,-21.3309
43.42,-21.3309
43.43,-21.3309
43.44,-21.3309
43.45,-21.3309
43.46,-21.3309
43.47,-21.3309
43.48,-21.3309
43.49,-21.3309
43.5,-21.3309
43.51,-21.3309
43.52,-21.3309
43.53,-21.3309
43.54,-21.3309
43.55,-21.3309
43.56,-21.3309
43.57,-21.3309
43.58,-21.3309
43.59,-21.3309
43.6,-21.3309
43.61,-21.3309
43.62,-21.3309
43.63,-21.3309
43.64,-21.3309
43.65,-21.3309
43.66,-21.3309
43.67,-21.3309
43.68,-21.3309
43.69,-21.3309
43.7,-21.3309
43.71,-21.3309
43.72,-21.331
43.73,-21.331
43.74,-21.331
43.75,-21.331
43.76,-21.331
43.77,-21.331
43.78,-21.331
43.79,-21.331
43.8,-21.331
43.81,-21.331
43.82,-21.331
43.83,-21.331
43.84,-21.331
43.85,-21.331
43.86,-21.331
43.87,-21.331
43.88,-21.331
43.89,-21.331
43.9,-21.331
43.91,-21.331
43.92,-21.331
43.93,-21.331
43.94,-21.331
43.95,-21.331
43.96,-21.331
43.97,-21.331
43.98,-21.331
43.99,-21.331
44,-21.331
44.01,-21.331
44.02,-21.331
44.03,-21.331
44.04,-21.331
44.05,-21.331
44.06,-21.331
44.07,-21.331
44.08,-21.331
44.09,-21.331
44.1,-21.331
44.11,-21.331
44.12,-21.331
44.13,-21.331
44.14,-21.331
44.15,-21.3311
44.16,-21.3311
44.17,-21.3311
44.18,-21.3311
44.19,-21.3311
44.2,-21.3311
44.21,-21.3311
44.22,-21.3311
44.23,-21.3311
44.24,-21.3311
44.25,-21.3311
44.26,-21.3311
44.27,-21.3311
44.28,-21.3311
44.29,-21.3311
44.3,-21.3311
44.31,-21.3311
44.32,-21.3311
44.33,-21.3311
44.34,-21.3311
44.35,-21.3311
44.36,-21.3311
44.37,-21.3311
44.38,-21.3311
44.39,-21.3311
44.4,-21.3311
44.41,-21.3311
44.42,-21.3311
44.43,-21.3311
44.44,-21.3311
44.45,-21.3311
44.46,-21.3311
44.47,-21.3311
44.48,-21.3311
44.49,-21.3311
44.5,-21.3311
44.51,-21.3311
44.52,-21.3311
44.53,-21.3311
44.54,-21.3311
44.55,-21.3311
44.56,-21.3311
44.57,-21.3311
44.58,-21.3311
44.59,-21.3311
44.6,-21.3311
44.61,-21.3311
44.62,-21.3311
44.63,-21.3312
44.64,-21.3312
44.65,-21.3312
44.66,-21.3312
44.67,-21.3312
44.68,-21.3312
44.69,-21.3312
44.7,-21.3312
44.71,-21.3312
44.72,-21.3312
44.73,-21.3312
44.74,-21.3312
44.75,-21.3312
44.76,-21.3312
44.77,-21.3312
44.78,-21.3312
44.79,-21.3312
44.8,-21.3312
44.81,-21.3312
44.82,-21.3312
44.83,-21.3312
44.84,-21.3312
44.85,-21.3312
44.86,-21.3312
44.87,-21.3312
44.88,-21.3312
44.89,-21.3312
44.9,-21.3312
44.91,-21.3312
44.92,-21.3312
44.93,-21.3312
44.94,-21.3312
44.95,-21.3312
44.96,-21.3312
44.97,-21.3312
44.98,-21.3312
44.99,-21.3312
45,-21.3312
45.01,-21.3312
45.02,-21.3312
45.03,-21.3312
45.04,-21.3312
45.05,-21.3312
45.06,-21.3312
45.07,-21.3312
45.08,-21.3312
45.09,-21.3312
45.1,-21.3312
45.11,-21.3312
45.12,-21.3312
45.13,-21.3312
45.14,-21.3313
45.15,-21.3313
45.16,-21.3313
45.17,-21.3313
45.18,-21.3313
45.19,-21.3313
45.2,-21.3313
45.21,-21.3313
45.22,-21.3313
45.23,-21.3313
45.24,-21.3313
45.25,-21.3313
45.26,-21.3313
45.27,-21.3313
45.28,-21.3313
45.29,-21.3313
45.3,-21.3313
45.31,-21.3313
45.32,-21.3313
45.33,-21.3313
45.34,-21.3313
45.35,-21.3313
45.36,-21.3313
45.37,-21.3313
45.38,-21.3313
45.39,-21.3313
45.4,-21.3313
45.41,-21.3313
45.42,-21.3313
45.43,-21.3313
45.44,-21.3313
45.45,-21.3313
45.46,-21.3313
45.47,-21.3313
45.48,-21.3313
45.49,-21.3313
45.5,-21.3313
45.51,-21.3313
45.52,-21.3313
45.53,-21.3313
45.54,-21.3313
45.55,-21.3313
45.56,-21.3313
45.57,-21.3313
45.58,-21.3313
45.59,-21.3313
45.6,-21.3313
45.61,-21.3313
45.62,-21.3313
45.63,-21.3313
45.64,-21.3313
45.65,-21.3313
45.66,-21.3313
45.67,-21.3313
45.68,-21.3313
45.69,-21.3313
45.7,-21.3313
45.71,-21.3314
45.72,-21.3314
45.73,-21.3314
45.74,-21.3314
45.75,-21.3314
45.76,-21.3314
45.77,-21.3314
45.78,-21.3314
45.79,-21.3314
45.8,-21.3314
45.81,-21.3314
45.82,-21.3314
45.83,-21.3314
45.84,-21.3314
45.85,-21.3314
45.86,-21.3314
45.87,-21.3314
45.88,-21.3314
45.89,-21.3314
45.9,-21.3314
45.91,-21.3314
45.92,-21.3314
45.93,-21.3314
45.94,-21.3314
45.95,-21.3314
45.96,-21.3314
45.97,-21.3314
45.98,-21.3314
45.99,-21.3314
46,-21.3314
46.01,-21.3314
46.02,-21.3314
46.03,-21.3314
46.04,-21.3314
46.05,-21.3314
46.06,-21.3314
46.07,-21.3314
46.08,-21.3314
46.09,-21.3314
46.1,-21.3314
46.11,-21.3314
46.12,-21.3314
46.13,-21.3314
46.14,-21.3314
46.15,-21.3314
46.16,-21.3314
46.17,-21.3314
46.18,-21.3314
46.19,-21.3314
46.2,-21.3314
46.21,-21.3314
46.22,-21.3314
46.23,-21.3314
46.24,-21.3314
46.25,-21.3314
46.26,-21.3314
46.27,-21.3314
46.28,-21.3314
46.29,-21.3314
46.3,-21.3314
46.31,-21.3314
46.32,-21.3314
46.33,-21.3314
46.34,-21.3314
46.35,-21.3315
46.36,-21.3315
46.37,-21.3315
46.38,-21.3315
46.39,-21.3315
46.4,-21.3315
46.41,-21.3315
46.42,-21.3315
46.43,-21.3315
46.44,-21.3315
46.45,-21.3315
46.46,-21.3315
46.47,-21.3315
46.48,-21.3315
46.49,-21.3315
46.5,-21.3315
46.51,-21.3315
46.52,-21.3315
46.53,-21.3315
46.54,-21.3315
46.55,-21.3315
46.56,-21.3315
46.57,-21.3315
46.58,-21.3315
46.59,-21.3315
46.6,-21.3315
46.61,-21.3315
46.62,-21.3315
46.63,-21.3315
46.64,-21.3315
46.65,-21.3315
46.66,-21.3315
46.67,-21.3315
46.68,-21.3315
46.69,-21.3315
46.7,-21.3315
46.71,-21.3315
46.72,-21.3315
46.73,-21.3315
46.74,-21.3315
46.75,-21.3315
46.76,-21.3315
46.77,-21.3315
46.78,-21.3315
46.79,-21.3315
46.8,-21.3315
46.81,-21.3315
46.82,-21.3315
46.83,-21.3315
46.84,-21.3315
46.85,-21.3315
46.86,-21.3315
46.87,-21.3315
46.88,-21.3315
46.89,-21.3315
46.9,-21.3315
46.91,-21.3315
46.92,-21.3315
46.93,-21.3315
46.94,-21.3315
46.95,-21.3315
46.96,-21.3315
46.97,-21.3315
46.98,-21.3315
46.99,-21.3315
47,-21.3315
47.01,-21.3315
47.02,-21.3315
47.03,-21.3315
47.04,-21.3315
47.05,-21.3315
47.06,-21.3315
47.07,-21.3316
47.08,-21.3316
47.09,-21.3316
47.1,-21.3316
47.11,-21.3316
47.12,-21.3316
47.13,-21.3316
47.14,-21.3316
47.15,-21.3316
47.16,-21.3316
47.17,-21.3316
47.18,-21.3316
47.19,-21.3316
47.2,-21.3316
47.21,-21.3316
47.22,-21.3316
47.23,-21.3316
47.24,-21.3316
47.25,-21.3316
47.26,-21.3316
47.27,-21.3316
47.28,-21.3316
47.29,-21.3316
47.3,-21.3316
47.31,-21.3316
47.32,-21.3316
47.33,-21.3316
47.34,-21.3316
47.35,-21.3316
47.36,-21.3316
47.37,-21.3316
47.38,-21.3316
47.39,-21.3316
47.4,-21.3316
47.41,-21.3316
47.42,-21.3316
47.43,-21.3316
47.44,-21.3316
47.45,-21.3316
47.46,-21.3316
47.47,-21.3316
47.48,-21.3316
47.49,-21.3316
47.5,-21.3316
47.51,-21.3316
47.52,-21.3316
47.53,-21.3316
47.54,-21.3316
47.55,-21.3316
47.56,-21.3316
47.57,-21.3316
47.58,-21.3316
47.59,-21.3316
47.6,-21.3316
47.61,-21.3316
47.62,-21.3316
47.63,-21.3316
47.64,-21.3316
47.65,-21.3316
47.66,-21.3316
47.67,-21.3316
47.68,-21.3316
47.69,-21.3316
47.7,-21.3316
47.71,-21.3316
47.72,-21.3316
47.73,-21.3316
47.74,-21.3316
47.75,-21.3316
47.76,-21.3316
47.77,-21.3316
47.78,-21.3316
47.79,-21.3316
47.8,-21.3316
47.81,-21.3316
47.82,-21.3316
47.83,-21.3316
47.84,-21.3316
47.85,-21.3316
47.86,-21.3316
47.87,-21.3316
47.88,-21.3316
47.89,-21.3316
47.9,-21.3316
47.91,-21.3317
47.92,-21.3317
47.93,-21.3317
47.94,-21.3317
47.95,-21.3317
47.96,-21.3317
47.97,-21.3317
47.98,-21.3317
47.99,-21.3317
48,-21.3317
48.01,-21.3317
48.02,-21.3317
48.03,-21.3317
48.04,-21.3317
48.05,-21.3317
48.06,-21.3317
48.07,-21.3317
48.08,-21.3317
48.09,-21.3317
48.1,-21.3317
48.11,-21.3317
48.12,-21.3317
48.13,-21.3317
48.14,-21.3317
48.15,-21.3317
48.16,-21.3317
48.17,-21.3317
48.18,-21.3317
48.19,-21.3317
48.2,-21.3317
48.21,-21.3317
48.22,-21.3317
48.23,-21.3317
48.24,-21.3317
48.25,-21.3317
48.26,-21.3317
48.27,-21.3317
48.28,-21.3317
48.29,-21.3317
48.3,-21.3317
48.31,-21.3317
48.32,-21.3317
48.33,-21.3317
48.34,-21.3317
48.35,-21.3317
48.36,-21.3317
48.37,-21.3317
48.38,-21.3317
48.39,-21.3317
48.4,-21.3317
48.41,-21.3317
48.42,-21.3317
48.43,-21.3317
48.44,-21.3317
48.45,-21.3317
48.46,-21.3317
48.47,-21.3317
48.48,-21.3317
48.49,-21.3317
48.5,-21.3317
48.51,-21.3317
48.52,-21.3317
48.53,-21.3317
48.54,-21.3317
48.55,-21.3317
48.56,-21.3317
48.57,-21.3317
48.58,-21.3317
48.59,-21.3317
48.6,-21.3317
48.61,-21.3317
48.62,-21.3317
48.63,-21.3317
48.64,-21.3317
48.65,-21.3317
48.66,-21.3317
48.67,-21.3317
48.68,-21.3317
48.69,-21.3317
48.7,-21.3317
48.71,-21.3317
48.72,-21.3317
48.73,-21.3317
48.74,-21.3317
48.75,-21.3317
48.76,-21.3317
48.77,-21.3317
48.78,-21.3317
48.79,-21.3317
48.8,-21.3317
48.81,-21.3317
48.82,-21.3317
48.83,-21.3317
48.84,-21.3317
48.85,-21.3317
48.86,-21.3317
48.87,-21.3317
48.88,-21.3317
48.89,-21.3317
48.9,-21.3317
48.91,-21.3317
48.92,-21.3318
48.93,-21.3318
48.94,-21.3318
48.95,-21.3318
48.96,-21.3318
48.97,-21.3318
48.98,-21.3318
48.99,-21.3318
49,-21.3318
49.01,-21.3318
49.02,-21.3318
49.03,-21.3318
49.04,-21.3318
49.05,-21.3318
49.06,-21.3318
49.07,-21.3318
49.08,-21.3318
49.09,-21.3318
49.1,-21.3318
49.11,-21.3318
49.12,-21.3318
49.13,-21.3318
49.14,-21.3318
49.15,-21.3318
49.16,-21.3318
49.17,-21.3318
49.18,-21.3318
49.19,-21.3318
49.2,-21.3318
49.21,-21.3318
49.22,-21.3318
49.23,-21.3318
49.24,-21.3318
49.25,-21.3318
49.26,-21.3318
49.27,-21.3318
49.28,-21.3318
49.29,-21.3318
49.3,-21.3318
49.31,-21.3318
49.32,-21.3318
49.33,-21.3318
49.34,-21.3318
49.35,-21.3318
49.36,-21.3318
49.37,-21.3318
49.38,-21.3318
49.39,-21.3318
49.4,-21.3318
49.41,-21.3318
49.42,-21.3318
49.43,-21.3318
49.44,-21.3318
49.45,-21.3318
49.46,-21.3318
49.47,-21.3318
49.48,-21.3318
49.49,-21.3318
49.5,-21.3318
49.51,-21.3318
49.52,-21.3318
49.53,-21.3318
49.54,-21.3318
49.55,-21.3318
49.56,-21.3318
49.57,-21.3318
49.58,-21.3318
49.59,-21.3318
49.6,-21.3318
49.61,-21.3318
49.62,-21.3318
49.63,-21.3318
49.64,-21.3318
49.65,-21.3318
49.66,-21.3318
49.67,-21.3318
49.68,-21.3318
49.69,-21.3318
49.7,-21.3318
49.71,-21.3318
49.72,-21.3318
49.73,-21.3318
49.74,-21.3318
49.75,-21.3318
49.76,-21.3318
49.77,-21.3318
49.78,-21.3318
49.79,-21.3318
49.8,-21.3318
49.81,-21.3318
49.82,-21.3318
49.83,-21.3318
49.84,-21.3318
49.85,-21.3318
49.86,-21.3318
49.87,-21.3318
49.88,-21.3318
49.89,-21.3318
49.9,-21.3318
49.91,-21.3318
49.92,-21.3318
49.93,-21.3318
49.94,-21.3318
49.95,-21.3318
49.96,-21.3318
49.97,-21.3318
49.98,-21.3318
49.99,-21.3318
50,-21.3318
